date_seoul,confirmed_cases_seoul,confirmed_cases_seoul_addition,treatment_seoul,discharge_seoul,discharge_addition_seoul,death_seoul,total_of_suspected_patients_seoul,examining_suspected_patients_seoul, seoul_suspected_patients_examination_results_negative,whole_confirmed_cases,whole_confirmed_cases_addition,whole_regions_treatment ,whole_patients_discharge,whole_patients_death, whole_suspected_patients_total, whole_suspected_patients_examining ,whole_suspected_patients_examination_results_negative,self-quarantine_foreign_visitors_monitoring,self-quarantine_foreign_visitors_disobservation, self-quarantine_contactor_monitoring,self-quarantine_contactor_disobservation,Confirming_patients 
2020-02-05,8,0,8,0,0,0,0.0,16.0,148.0,18,0,18,0,0,200.0,174.0,522.0,0.0,0.0,0.0,0.0,0.0
2020-02-06,11,0,11,0,0,0,192.0,28.0,164.0,24,0,23,1,0,591.0,169.0,693.0,0.0,0.0,0.0,0.0,0.0
2020-02-07,10,0,10,0,0,0,322.0,115.0,207.0,24,0,22,2,0,1106.0,264.0,842.0,0.0,0.0,0.0,0.0,
2020-02-08,10,0,10,0,0,0,414.0,92.0,322.0,24,0,22,2,0,1677.0,620.0,1057.0,0.0,0.0,0.0,0.0,
2020-02-09,10,0,10,0,0,0,459.0,45.0,414.0,27,0,24,3,0,2571.0,888.0,1683.0,0.0,0.0,0.0,0.0,
2020-02-10,10,0,10,0,0,0,567.0,108.0,459.0,27,0,24,3,0,3083.0,531.0,2552.0,0.0,0.0,0.0,0.0,
2020-02-11,10,0,10,0,0,0,664.0,97.0,567.0,28,0,24,4,0,3601.0,865.0,2736.0,0.0,0.0,0.0,0.0,
2020-02-12,10,0,10,0,0,0,741.0,77.0,664.0,28,0,21,7,0,5596.0,785.0,4811.0,0.0,0.0,0.0,0.0,
2020-02-13,10,0,10,0,0,0,802.0,61.0,741.0,28,0,21,7,0,6483.0,562.0,5921.0,0.0,0.0,0.0,0.0,
2020-02-14,10,0,10,0,0,0,840.0,38.0,802.0,28,0,21,7,0,7214.0,535.0,6679.0,0.0,0.0,0.0,0.0,
2020-02-15,10,0,10,0,0,0,864.0,24.0,840.0,28,0,19,9,0,7491.0,638.0,6853.0,0.0,0.0,0.0,0.0,
2020-02-16,11,0,11,0,0,0,876.0,13.0,863.0,29,0,20,9,0,8132.0,485.0,7647.0,0.0,0.0,0.0,0.0,0.0
2020-02-17,12,0,12,0,0,0,947.0,71.0,876.0,30,0,20,10,0,8688.0,708.0,7980.0,0.0,0.0,0.0,0.0,
2020-02-18,12,0,12,0,0,0,1000.0,53.0,947.0,31,0,19,12,0,9741.0,818.0,8923.0,0.0,0.0,0.0,0.0,
2020-02-19,13,0,13,0,0,0,1071.0,71.0,1000.0,82,0,66,16,0,12079.0,1633.0,10446.0,0.0,0.0,0.0,0.0,
2020-02-20,15,0,15,0,0,0,1125.0,54.0,1071.0,104,0,87,16,1,13098.0,1860.0,11238.0,0.0,0.0,0.0,0.0,0.0
2020-02-21,18,0,18,0,0,0,1125.0,54.0,1071.0,204,0,186,17,1,16196.0,3180.0,13016.0,0.0,0.0,0.0,0.0,0.0
2020-02-22,24,0,24,0,0,0,4656.0,767.0,3889.0,433,0,413,18,2,21153.0,6037.0,15116.0,0.0,0.0,0.0,0.0,0.0
2020-02-23,25,0,25,0,0,0,5197.0,949.0,4248.0,602,0,579,18,5,25577.0,8057.0,17520.0,0.0,0.0,0.0,0.0,0.0
2020-02-24,31,0,31,0,0,0,5856.0,1112.0,4744.0,833,0,804,22,7,31923.0,11631.0,20292.0,0.0,0.0,0.0,0.0,0.0
2020-02-25,44,0,44,0,0,0,6878.0,1463.0,5415.0,1146,0,1113,22,11,44981.0,16734.0,28247.0,0.0,0.0,0.0,0.0,0.0
2020-02-26,49,0,49,0,0,0,8238.0,2279.0,5959.0,1261,0,1225,24,12,52292.0,20716.0,31576.0,0.0,0.0,0.0,0.0,0.0
2020-02-27,59,0,59,0,0,0,8238.0,2279.0,5959.0,1766,0,1727,26,13,64886.0,25568.0,39318.0,0.0,0.0,0.0,0.0,0.0
2020-02-28,65,0,65,0,0,0,10563.0,2810.0,7753.0,2337,0,2297,27,13,78830.0,30237.0,48593.0,0.0,0.0,0.0,0.0,0.0
2020-02-29,77,0,77,0,0,0,12265.0,3672.0,8593.0,3150,0,3105,28,17,90905.0,35182.0,55723.0,0.0,0.0,0.0,0.0,0.0
2020-03-01,86,0,86,0,0,0,13194.0,3932.0,9262.0,3736,0,3688,30,18,95185.0,33360.0,61825.0,0.0,0.0,0.0,0.0,0.0
2020-03-02,92,0,92,0,0,0,14189.0,4104.0,10085.0,4212,0,4159,31,22,105379.0,33799.0,71580.0,0.0,0.0,0.0,0.0,0.0
2020-03-03,98,0,82,16,0,0,18791.0,5491.0,13300.0,4812,0,4750,34,28,121039.0,35555.0,85484.0,0.0,0.0,0.0,0.0,0.0
2020-03-04,99,0,73,26,0,0,21522.0,4308.0,17214.0,5328,0,5255,41,32,131379.0,28414.0,102965.0,0.0,0.0,0.0,0.0,0.0
2020-03-05,105,0,79,26,0,0,24708.0,4414.0,20294.0,5766,0,5643,88,35,140775.0,21810.0,118965.0,0.0,0.0,0.0,0.0,0.0
2020-03-06,106,0,80,26,0,0,26800.0,4136.0,22664.0,6284,0,6134,108,42,158456.0,21832.0,136624.0,0.0,0.0,0.0,0.0,0.0
2020-03-07,114,0,88,26,0,0,28344.0,3719.0,24625.0,6767,0,6605,118,44,171422.0,19620.0,151802.0,0.0,0.0,0.0,0.0,0.0
2020-03-08,120,0,92,28,0,0,29808.0,3381.0,26427.0,7134,0,6954,130,50,181384.0,19376.0,162008.0,0.0,0.0,0.0,0.0,0.0
2020-03-09,130,0,101,29,0,0,30892.0,3378.0,27514.0,7382,0,7165,166,51,189236.0,17458.0,171778.0,0.0,0.0,0.0,0.0,0.0
2020-03-10,156,0,126,30,0,0,33532.0,3634.0,29898.0,7513,0,7212,247,54,202631.0,18452.0,184179.0,0.0,0.0,0.0,0.0,0.0
2020-03-11,205,0,168,37,0,0,35278.0,3759.0,31519.0,7755,0,7407,288,60,214640.0,18540.0,196100.0,0.0,0.0,0.0,0.0,0.0
2020-03-12,219,0,181,38,0,0,35278.0,3759.0,31519.0,7869,0,7470,333,66,227129.0,17727.0,209402.0,0.0,0.0,0.0,0.0,0.0
2020-03-13,231,0,191,40,0,0,40287.0,3910.0,36377.0,7979,0,7402,510,67,240668.0,17940.0,222728.0,0.0,0.0,0.0,0.0,0.0
2020-03-14,240,0,196,44,0,0,42233.0,4136.0,38097.0,8086,0,7300,714,72,253249.0,17634.0,235615.0,0.0,0.0,0.0,0.0,0.0
2020-03-15,248,0,201,47,0,0,43516.0,4154.0,39362.0,8162,0,7253,834,75,260020.0,16272.0,243778.0,0.0,0.0,0.0,0.0,0.0
2020-03-16,254,0,202,52,0,0,46915.0,6133.0,40782.0,8236,0,7024,1137,75,266268.0,14971.0,251297.0,0.0,0.0,0.0,0.0,0.0
2020-03-17,267,0,212,55,0,0,47856.0,4534.0,43322.0,8320,0,6838,1401,81,278396.0,17291.0,261105.0,0.0,0.0,0.0,0.0,0.0
2020-03-18,270,0,215,55,0,0,49738.0,4595.0,45143.0,8413,0,6789,1540,84,287234.0,16346.0,270888.0,0.0,0.0,0.0,0.0,0.0
2020-03-19,282,0,224,58,0,0,52259.0,4415.0,47844.0,8565,0,6527,1947,91,298459.0,15904.0,282555.0,0.0,0.0,0.0,0.0,0.0
2020-03-20,299,0,235,64,0,0,50371.0,4067.0,50371.0,8652,0,6325,2233,94,308012.0,15525.0,292487.0,0.0,0.0,0.0,0.0,0.0
2020-03-21,314,0,250,64,0,0,56445.0,4174.0,52271.0,8799,0,6085,2612,102,318710.0,15704.0,303006.0,0.0,0.0,0.0,0.0,0.0
2020-03-22,324,0,260,64,0,0,57273.0,4164.0,53109.0,8897,0,5884,2909,104,322883.0,14540.0,308343.0,0.0,0.0,0.0,0.0,0.0
2020-03-23,330,0,266,64,0,0,58180.0,4110.0,54076.0,8961,0,5684,3166,111,329075.0,13628.0,315447.0,0.0,0.0,0.0,0.0,0.0
2020-03-24,334,0,262,72,0,0,59913.0,4260.0,55887.0,9037,0,5410,3507,120,339545.0,15440.0,324105.0,0.0,0.0,0.0,0.0,0.0
2020-03-25,347,0,275,72,0,0,61924.0,4050.0,57874.0,9137,0,5281,3730,126,348759.0,14278.0,334481.0,0.0,0.0,0.0,0.0,0.0
2020-03-26,361,0,280,81,0,0,63842.0,4081.0,59761.0,9241,0,4966,4144,131,355701.0,14369.0,341332.0,0.0,0.0,0.0,0.0,0.0
2020-03-27,376,0,288,88,0,0,65952.0,4131.0,61821.0,9332,0,4665,4528,139,367629.0,15219.0,352410.0,0.0,0.0,0.0,0.0,0.0
2020-03-28,391,0,298,93,0,0,67478.0,4232.0,63246.0,9478,0,4523,4811,144,378447.0,16564.0,361883.0,0.0,0.0,0.0,0.0,0.0
2020-03-29,413,0,320,93,0,0,68340.0,4312.0,64028.0,9583,0,4398,5033,152,384558.0,15028.0,369530.0,0.0,0.0,0.0,0.0,0.0
2020-03-30,434,0,342,92,0,0,69343.0,4429.0,64914.0,9661,0,4215,5288,158,378447.0,13531.0,372002.0,0.0,0.0,0.0,0.0,0.0
2020-03-31,454,0,347,107,0,0,71195.0,4600.0,66595.0,9786,0,4216,5408,162,400778.0,16892.0,383886.0,0.0,0.0,0.0,0.0,0.0
2020-04-01,478,0,361,117,0,0,73638.0,4682.0,68956.0,9887,0,4155,5567,165,411660.0,16585.0,395075.0,0.0,0.0,0.0,0.0,0.0
2020-04-02,494,0,367,127,0,0,75585.0,4747.0,70838.0,9976,0,3979,5828,169,421767.0,17885.0,403882.0,0.0,0.0,0.0,0.0,0.0
2020-04-03,513,0,382,131,0,0,77907.0,4924.0,72983.0,10062,0,3867,6021,174,433211.0,18908.0,414303.0,0.0,0.0,0.0,0.0,0.0
2020-04-04,533,0,389,144,0,0,83784.0,7234.0,76550.0,10156,0,3654,6325,177,444876.0,20144.0,424732.0,0.0,0.0,0.0,0.0,0.0
2020-04-05,558,0,413,145,0,0,84394.0,6981.0,77413.0,10237,0,3591,6463,183,450996.0,19571.0,431425.0,0.0,0.0,0.0,0.0,0.0
2020-04-06,563,0,412,151,0,0,82514.0,4758.0,77756.0,10284,0,3500,6598,186,456520.0,19295.0,437225.0,0.0,0.0,0.0,0.0,0.0
2020-04-07,571,0,407,164,0,0,83621.0,4680.0,78941.0,10331,0,3445,6694,192,466973.0,20650.0,446323.0,0.0,0.0,0.0,0.0,0.0
2020-04-08,581,0,410,169,0,2,83952.0,5011.0,80941.0,10384,0,3408,6776,200,457619.0,17858.0,457761.0,0.0,0.0,0.0,0.0,0.0
2020-04-09,592,0,416,174,0,2,87743.0,4908.0,82835.0,10423,0,3246,6973,204,484288.0,15509.0,468779.0,0.0,0.0,0.0,0.0,0.0
2020-04-10,597,0,410,185,0,2,89244.0,5044.0,84200.0,10450,0,3125,7117,208,492601.0,15298.0,477303.0,0.0,0.0,0.0,0.0,0.0
2020-04-11,600,0,403,195,0,2,90896.0,5018.0,85878.0,10480,0,3026,7243,211,499999.0,14070.0,485929.0,0.0,0.0,0.0,0.0,0.0
2020-04-12,602,0,398,202,0,2,92016.0,5178.0,86838.0,10512,0,2930,7368,214,504109.0,13788.0,490321.0,16703.0,2885.0,4130.0,10413.0,0.0
2020-04-13,610,0,394,214,0,2,92481.0,5283.0,87198.0,10537,0,2873,7447,217,508206.0,13391.0,494815.0,17085.0,3922.0,3600.0,10998.0,0.0
2020-04-14,613,0,383,228,0,2,94036.0,5407.0,88629.0,10564,0,2808,7534,222,516874.0,14651.0,502223.0,21934.0,4850.0,3546.0,11400.0,0.0
2020-04-15,619,0,378,239,0,2,96012.0,5348.0,90664.0,10591,0,2750,7616,225,523961.0,15026.0,508935.0,23069.0,5866.0,3072.0,12202.0,0.0
2020-04-16,619,0,367,250,0,2,96988.0,5318.0,91670.0,10613,0,2627,7757,229,528162.0,14268.0,513894.0,17029.0,6745.0,2943.0,12367.0,0.0
2020-04-17,621,0,351,268,0,2,98561.0,5368.0,93193.0,10635,0,2576,7829,230,535828.0,14186.0,521642.0,18696.0,8481.0,2533.0,13009.0,0.0
2020-04-18,623,0,347,274,0,2,100643.0,5211.0,95432.0,10653,0,2484,7937,232,544181.0,13550.0,530631.0,19285.0,10214.0,2352.0,13322.0,0.0
2020-04-19,624,0,334,288,0,2,101675.0,5271.0,96404.0,10661,0,2385,8042,234,548448.0,12243.0,536205.0,18620.0,11487.0,2020.0,13625.0,0.0
2020-04-20,624,0,318,304,0,2,102531.0,5259.0,97272.0,10674,0,2324,8114,236,552361.0,11981.0,540380.0,18002.0,12813.0,1984.0,13849.0,0.0
2020-04-21,626,0,309,315,0,2,107115.0,7768.0,99347.0,10683,0,2233,8213,237,560331.0,12721.0,547610.0,17243.0,14406.0,1706.0,14168.0,0.0
2020-04-22,628,2,304,322,7,2,105582.0,5289.0,100293.0,10694,11,2179,8277,238,567265.0,12121.0,555144.0,16298.0,15744.0,1443.0,14555.0,0.0
2020-04-23,628,0,284,342,20,2,110134.0,7860.0,102274.0,10702,8,2051,8411,240,573269.0,10139.0,563130.0,15834.0,16730.0,1459.0,14640.0,0.0
2020-04-24,628,0,264,362,20,2,108856.0,5363.0,103493.0,10708,6,1967,8501,240,578812.0,9600.0,569212.0,15321.0,17878.0,1393.0,14790.0,0.0
2020-04-25,629,1,244,383,21,2,109708.0,5340.0,104368.0,10718,10,1843,8635,240,584443.0,9259.0,575184.0,14553.0,18993.0,1255.0,14964.0,0.0
2020-04-26,629,0,239,388,5,2,110737.0,5538.0,105199.0,10728,10,1769,8717,242,587557.0,8999.0,578558.0,13016.0,21337.0,1296.0,15082.0,0.0
2020-04-27,629,0,234,393,5,2,111108.0,5589.0,105519.0,10738,10,1731,8764,243,590922.0,8895.0,582027.0,12327.0,22491.0,1236.0,15144.0,0.0
2020-04-28,633,4,204,427,34,2,111888.0,5589.0,106299.0,10752,14,1654,8854,244,597762.0,9203.0,588559.0,11041.0,24120.0,1204.0,15224.0,0.0
2020-04-29,633,0,194,437,10,2,116149.0,8081.0,108068.0,10761,9,1593,8922,246,603436.0,8307.0,595129.0,10562.0,25112.0,1094.0,15384.0,0.0
2020-04-30,633,0,178,453,16,2,114805.0,5474.0,109331.0,10765,4,1459,9059,247,609116.0,8634.0,600482.0,10492.0,25829.0,1104.0,15412.0,0.0
2020-05-01,634,1,177,455,2,2,116120.0,5442.0,110678.0,10774,9,1454,9072,248,612295.0,8685.0,603610.0,10021.0,26590.0,1026.0,15537.0,0.0
2020-05-02,635,1,170,463,8,2,116857.0,5357.0,111500.0,10780,6,1407,9123,250,616782.0,8496.0,608286.0,9580.0,27337.0,952.0,15645.0,0.0
2020-05-03,637,2,162,473,10,2,117436.0,5323.0,112113.0,10793,13,1360,9183,250,620180.0,8588.0,611592.0,9409.0,28407.0,948.0,15661.0,0.0
2020-05-04,637,0,154,481,8,2,117774.0,5326.0,112448.0,10801,8,1332,9217,252,623120.0,8176.0,614944.0,9324.0,29476.0,895.0,15717.0,0.0
2020-05-05,637,0,146,489,8,2,118241.0,5204.0,113037.0,10804,3,1267,9283,254,629433.0,8858.0,620575.0,9104.0,30180.0,662.0,15961.0,0.0
2020-05-06,637,0,141,494,5,2,119423.0,5338.0,114085.0,10806,2,1218,9333,255,632289.0,8009.0,624280.0,8877.0,30575.0,654.0,15988.0,0.0
2020-05-07,637,0,127,508,14,2,120284.0,5295.0,114989.0,10810,4,1135,9419,256,638578.0,8429.0,630149.0,8866.0,31105.0,659.0,16032.0,0.0
2020-05-08,648,11,126,520,12,2,124842.0,8002.0,116840.0,10822,12,1082,9484,256,644041.0,8867.0,635174.0,8855.0,31745.0,634.0,16086.0,0.0
2020-05-09,658,10,120,536,16,2,123201.0,5468.0,117733.0,10840,18,1016,9568,256,649190.0,9153.0,640037.0,8657.0,32467.0,607.0,16118.0,0.0
2020-05-10,669,11,126,541,5,2,123889.0,5726.0,118163.0,10874,34,1008,9610,256,653012.0,10128.0,642884.0,8761.0,33241.0,1061.0,16133.0,0.0
2020-05-11,690,21,141,547,6,2,124530.0,5957.0,118573.0,10909,35,1021,9632,256,657583.0,10922.0,646661.0,9053.0,34019.0,1279.0,16147.0,0.0
2020-05-12,703,13,147,554,7,2,126464.0,6296.0,120168.0,10936,27,1008,9670,258,669954.0,16330.0,653624.0,8770.0,34778.0,1608.0,16204.0,0.0
2020-05-13,708,5,147,558,5,3,129076.0,6821.0,122255.0,10962,26,1008,9695,259,684958.0,19579.0,665379.0,8795.0,35251.0,2123.0,16230.0,0.0
2020-05-14,714,6,146,564,6,4,133600.0,7612.0,125988.0,10991,29,969,9762,260,700493.0,20722.0,679771.0,8619.0,35874.0,2418.0,16316.0,0.0
2020-05-15,725,11,152,569,5,4,138788.0,8297.0,130491.0,11018,27,937,9821,260,715729.0,19875.0,695854.0,8734.0,36512.0,2555.0,16326.0,0.0
2020-05-16,731,6,153,574,5,4,143595.0,8241.0,135354.0,11037,19,924,9851,262,729608.0,18343.0,711265.0,8477.0,37208.0,2890.0,16380.0,0.0
2020-05-17,735,4,156,575,1,4,147613.0,8437.0,139176.0,11050,19,900,9888,262,736603.0,17660.0,718943.0,8307.0,38108.0,3230.0,16416.0,0.0
2020-05-18,736,1,153,579,4,4,148787.0,8667.0,140120.0,11065,15,898,9904,263,742146.0,16093.0,726053.0,8142.0,39008.0,3299.0,16464.0,0.0
2020-05-19,750,14,159,587,8,4,152205.0,8590.0,143615.0,11078,13,877,9938,263,754496.0,16925.0,737571.0,8269.0,39680.0,3662.0,16585.0,0.0
2020-05-20,753,3,157,592,5,4,155822.0,8265.0,147557.0,11110,32,781,10066,263,765323.0,16351.0,748972.0,8157.0,40317.0,3710.0,16674.0,0.0
2020-05-21,756,3,156,596,4,4,159705.0,8385.0,151320.0,11122,12,723,10135,264,777562.0,18089.0,759473.0,8221.0,40810.0,3742.0,16963.0,0.0
2020-05-22,759,3,156,599,3,4,162845.0,8409.0,154436.0,11142,20,716,10162,264,791276.0,20286.0,770990.0,8182.0,41437.0,3438.0,17392.0,0.0
2020-05-23,762,3,154,604,5,4,165744.0,8598.0,157146.0,11165,23,705,10194,266,803255.0,21569.0,781686.0,8178.0,41964.0,3406.0,17603.0,0.0
2020-05-24,768,6,160,604,0,4,168055.0,8892.0,159163.0,11190,25,711,10213,266,809099.0,20333.0,788766.0,8170.0,42863.0,2863.0,18188.0,0.0
2020-05-25,776,8,165,607,3,4,168751.0,8850.0,159901.0,11206,16,713,10226,267,815231.0,19089.0,796142.0,7600.0,43921.0,2629.0,18515.0,0.0
2020-05-26,792,16,174,614,7,4,170513.0,8805.0,161708.0,11225,19,681,10275,269,828250.0,22044.0,806206.0,7381.0,44390.0,2665.0,18673.0,0.0
2020-05-27,807,15,185,618,4,4,173701.0,8721.0,164980.0,11265,40,701,10295,269,841611.0,21061.0,820550.0,7425.0,44886.0,2490.0,19002.0,0.0
2020-05-28,828,21,203,621,3,4,177473.0,8024.0,169449.0,11344,79,735,10340,269,857322.0,22370.0,834952.0,7433.0,45336.0,2398.0,19435.0,0.0
2020-05-29,846,18,219,623,2,4,180585.0,7754.0,172831.0,11402,58,770,10363,269,873718.0,24557.0,849161.0,7203.0,46089.0,2525.0,19599.0,0.0
2020-05-30,855,9,224,627,4,4,184309.0,8267.0,176042.0,11441,39,774,10398,269,891460.0,26298.0,865162.0,7159.0,46529.0,3436.0,19755.0,0.0
2020-05-31,861,6,230,627,0,4,187770.0,8707.0,179063.0,11468,27,793,10405,270,899354.0,23294.0,876060.0,7229.0,47259.0,3905.0,19849.0,0.0
2020-06-01,863,2,232,627,0,4,188476.0,8533.0,179943.0,11503,35,810,10422,271,909888.0,24058.0,885830.0,7068.0,48046.0,3896.0,20136.0,0.0
2020-06-02,878,15,236,638,11,4,192327.0,8627.0,183700.0,11541,38,823,10446,272,928310.0,28922.0,899388.0,7040.0,48832.0,4018.0,20248.0,0.0
2020-06-03,896,18,253,639,1,4,196379.0,8793.0,187586.0,11590,49,850,10467,273,945262.0,27865.0,917397.0,7022.0,49383.0,3938.0,20528.0,0.0
2020-06-04,916,20,268,644,5,4,200509.0,8797.0,191712.0,11629,39,857,10499,273,962229.0,28199.0,934030.0,7281.0,49934.0,4312.0,20545.0,0.0
2020-06-05,929,13,280,645,1,4,205416.0,8572.0,196844.0,11668,39,889,10506,273,979292.0,28766.0,950526.0,7481.0,50517.0,4274.0,20750.0,0.0
2020-06-06,952,23,298,650,5,4,209126.0,8521.0,200605.0,11719,51,915,10531,273,993586.0,27954.0,965632.0,7708.0,51043.0,4456.0,20888.0,0.0
2020-06-07,979,27,324,651,1,4,211327.0,8551.0,202776.0,11776,57,951,10552,273,1000993.0,26481.0,974512.0,7923.0,51921.0,4384.0,21403.0,0.0
2020-06-08,997,18,342,651,0,4,213160.0,8869.0,204291.0,11814,38,978,10563,273,1006400.0,24374.0,982026.0,8471.0,52469.0,4338.0,21737.0,0.0
2020-06-09,1019,22,351,664,13,4,215545.0,9079.0,206466.0,11852,38,989,10589,274,1024145.0,27459.0,996686.0,8546.0,53130.0,4451.0,21795.0,0.0
2020-06-10,1029,10,359,666,2,4,220349.0,9259.0,211090.0,11902,50,1015,10611,276,1040070.0,26223.0,1013847.0,8698.0,53665.0,4221.0,22263.0,0.0
2020-06-11,1048,19,369,675,9,4,225425.0,9512.0,215913.0,11947,45,1017,10654,276,1054941.0,25494.0,1029447.0,8868.0,54125.0,4229.0,22587.0,0.0
2020-06-12,1072,24,388,680,5,4,230103.0,9585.0,220518.0,12003,56,1057,10669,277,1069484.0,24244.0,1045240.0,8795.0,54845.0,4279.0,23168.0,0.0
2020-06-13,1101,29,409,688,8,4,233862.0,8981.0,224881.0,12051,49,1083,10691,277,1082653.0,23352.0,1059301.0,9011.0,55243.0,4010.0,23832.0,0.0
2020-06-14,1113,12,420,689,1,4,236725.0,8983.0,227742.0,12085,34,1090,10718,277,1088243.0,21356.0,1066887.0,9054.0,56228.0,3759.0,24446.0,0.0
2020-06-15,1120,7,427,689,0,4,237541.0,8762.0,228779.0,12121,37,1114,10730,277,1093598.0,20793.0,1072805.0,8966.0,57200.0,3745.0,24575.0,0.0
2020-06-16,1132,12,425,703,14,4,239947.0,8696.0,231251.0,12155,34,1117,10760,278,1107612.0,22632.0,1084980.0,8933.0,57963.0,3582.0,24866.0,0.0
2020-06-17,1145,13,430,710,7,5,244286.0,8479.0,235807.0,12198,43,1145,10774,279,1120625.0,21489.0,1099136.0,8977.0,58493.0,3455.0,25205.0,0.0
2020-06-18,1170,25,446,718,8,6,248253.0,8506.0,239747.0,12257,59,1177,10800,280,1133455.0,21714.0,1111741.0,8831.0,59293.0,3464.0,25452.0,0.0
2020-06-19,1188,18,458,724,6,6,251983.0,8386.0,243597.0,12306,49,1191,10835,280,1145757.0,21190.0,1124567.0,8456.0,60072.0,3464.0,25452.0,0.0
2020-06-20,1202,14,466,730,6,6,255957.0,8460.0,247497.0,12373,67,1237,10856,280,1158525.0,21470.0,1137058.0,8300.0,60830.0,3601.0,25790.0,0.0
2020-06-21,1219,17,480,733,3,6,258808.0,8612.0,250196.0,12421,48,1285,10856,280,1163988.0,20071.0,1143917.0,8117.0,61925.0,3722.0,25790.0,0.0
2020-06-22,1224,5,485,733,0,6,260179.0,8802.0,251377.0,12438,17,1277,10881,280,1169628.0,19403.0,1150225.0,7832.0,62668.0,3720.0,26140.0,0.0
2020-06-23,1230,6,481,743,10,6,262035.0,8954.0,253081.0,12484,46,1295,10908,281,1183528.0,22278.0,1161250.0,7989.0,63408.0,3763.0,26131.0,0.0
2020-06-24,1241,11,488,747,4,6,266197.0,8491.0,257706.0,12535,51,1324,10930,281,1196062.0,20245.0,1175817.0,7789.0,64085.0,3331.0,26651.0,0.0
2020-06-25,1250,9,482,761,14,7,261515.0,8374.0,261515.0,12563,28,1307,10974,282,1207915.0,18900.0,1189015.0,7763.0,64702.0,3399.0,26790.0,0.0
2020-06-26,1267,17,417,843,82,7,273470.0,8486.0,264984.0,12602,39,1148,11172,282,1219713.0,18828.0,1200885.0,7582.0,65346.0,3299.0,27135.0,0.0
2020-06-27,1284,17,366,911,68,7,277742.0,8500.0,269242.0,12653,51,1054,11317,282,1231127.0,19866.0,1211261.0,7446.0,65972.0,3447.0,27250.0,0.0
2020-06-28,1298,14,368,923,12,7,280610.0,8999.0,271611.0,12715,63,1069,11364,282,1238980.0,19005.0,1219975.0,7372.0,67003.0,2901.0,28226.0,0.0
2020-06-29,1305,7,356,942,19,7,281411.0,8939.0,272472.0,12757,42,1046,11429,282,1247197.0,18499.0,1228698.0,7346.0,67879.0,2935.0,28353.0,0.0
2020-06-30,1312,7,320,985,43,7,283897.0,8937.0,274960.0,12800,43,981,11537,282,1260966.0,20809.0,1240157.0,7343.0,68608.0,2986.0,28504.0,0.0
2020-07-01,1321,9,288,1026,41,7,287875.0,8911.0,278964.0,12850,51,955,11613,282,1272381.0,19526.0,1252855.0,7334.0,69179.0,3047.0,28661.0,0.0
2020-07-02,1334,13,273,1054,28,7,291561.0,8881.0,282680.0,12904,54,938,11684,282,1283058.0,19782.0,1263276.0,7650.0,69656.0,2953.0,28878.0,0.0
2020-07-03,1346,12,254,1085,31,7,294510.0,8956.0,285554.0,12967,63,926,11759,282,1294794.0,21560.0,1273234.0,7622.0,70320.0,2897.0,29070.0,0.0
2020-07-04,1353,7,242,1103,18,8,297201.0,9131.0,288070.0,13030,63,936,11811,283,1306493.0,22321.0,1284172.0,7888.0,70929.0,2978.0,29129.0,0.0
2020-07-05,1369,16,256,1105,2,8,299274.0,8363.0,289911.0,13091,61,976,11832,283,1312961.0,21646.0,1291315.0,7980.0,71830.0,2925.0,29367.0,0.0
2020-07-06,1372,3,254,1110,5,8,299905.0,9463.0,290442.0,13127,48,1005,11838,284,1318659.0,21292.0,1297367.0,7737.0,72733.0,2962.0,29520.0,0.0
2020-07-07,1375,3,223,1144,34,8,301998.0,9423.0,292575.0,13181,44,982,11914,285,1333013.0,23675.0,1309338.0,7853.0,73639.0,3024.0,29586.0,0.0
2020-07-08,1385,10,216,1160,16,9,305590.0,9122.0,296468.0,13244,63,989,11970,285,1346491.0,24012.0,1322479.0,7969.0,74116.0,2971.0,29791.0,0.0
2020-07-09,1393,8,213,1171,11,9,307608.0,9285.0,298323.0,13293,50,987,12019,287,1358478.0,23912.0,1334566.0,7737.0,74707.0,2961.0,29978.0,0.0
2020-07-10,1401,8,210,1182,11,9,310940.0,9309.0,301631.0,13338,45,985,12065,288,1371552.0,23527.0,1348025.0,7839.0,75175.0,2963.0,31156.0,0.0
2020-07-11,1409,8,202,1198,16,9,313457.0,9409.0,304048.0,13373,35,941,12144,288,1394355.0,22950.0,1371405.0,7848.0,75667.0,2932.0,30483.0,0.0
2020-07-12,1416,7,198,1209,11,9,315405.0,9595.0,305810.0,13417,44,951,12178,288,1388727.0,21830.0,1366897.0,7733.0,76618.0,2827.0,30704.0,0.0
2020-07-13,1429,13,203,1217,8,9,316183.0,9652.0,306531.0,13479,62,986,12204,289,1394833.0,21845.0,1372988.0,7669.0,77341.0,5176.0,36421.0,0.0
2020-07-14,1436,7,183,1244,27,9,318146.0,9753.0,308393.0,13512,33,941,12282,289,1407104.0,24289.0,1382815.0,7965.0,78068.0,2653.0,31144.0,0.0
2020-07-15,1442,6,158,1275,31,9,320342.0,9847.0,310495.0,13551,39,914,12348,289,1417765.0,23297.0,1394468.0,7870.0,78632.0,2535.0,31360.0,0.0
2020-07-16,1449,7,154,1286,11,9,322919.0,9960.0,312959.0,13612,61,925,12396,291,1427736.0,23404.0,1404332.0,7693.0,79430.0,2403.0,31633.0,0.0
2020-07-17,1458,9,149,1300,14,9,325153.0,9988.0,315165.0,13672,60,919,12460,293,1437345.0,23110.0,1414235.0,7599.0,80074.0,2645.0,31849.0,0.0
2020-07-18,1464,6,137,1318,18,9,327723.0,10206.0,317517.0,13711,60,898,12519,294,1446493.0,22923.0,1423570.0,7280.0,80969.0,2552.0,31978.0,0.0
2020-07-19,1474,10,144,1320,2,10,328725.0,10468.0,318257.0,13745,34,894,12556,295,1451554.0,21953.0,1429601.0,7182.0,81950.0,2522.0,32214.0,0.0
2020-07-20,1477,3,145,1322,2,10,329326.0,10416.0,318910.0,13771,26,903,12572,296,1456422.0,21302.0,1435120.0,6942.0,82817.0,2429.0,32393.0,0.0
2020-07-21,1498,21,148,1340,18,10,330790.0,10389.0,320401.0,13816,45,877,12643,296,1468574.0,23864.0,1444710.0,7071.0,83685.0,2457.0,32407.0,0.0
2020-07-22,1514,16,157,1346,6,11,332701.0,10317.0,322384.0,13879,63,884,12698,297,1478192.0,21751.0,1456441.0,6886.0,84287.0,2286.0,32818.0,0.0
2020-07-23,1526,12,154,1361,15,11,335468.0,10169.0,325299.0,13938,59,883,12758,297,1486916.0,21418.0,1465498.0,6662.0,85078.0,2371.0,32982.0,0.0
2020-07-24,1547,21,168,1368,7,11,337963.0,10377.0,327586.0,13979,41,864,12817,298,1496348.0,20559.0,1475789.0,6556.0,85657.0,2405.0,33144.0,0.0
2020-07-25,1558,11,166,1381,13,11,339580.0,10455.0,329125.0,14092,113,928,12866,298,1504542.0,19681.0,1484861.0,6539.0,86170.0,2453.0,33304.0,0.0
2020-07-26,1565,7,171,1383,2,11,340728.0,10660.0,330068.0,14150,58,962,12890,298,1508776.0,19214.0,1489562.0,6581.0,73011.0,2546.0,33475.0,0.0
2020-07-27,1574,9,179,1384,1,11,341308.0,10753.0,330555.0,14175,25,971,12905,299,1512799.0,18770.0,1494029.0,6252.0,73897.0,2492.0,33589.0,0.0
2020-07-28,1580,6,169,1400,16,11,343297.0,10820.0,332477.0,14203,28,896,13007,300,1523501.0,20444.0,1503057.0,6187.0,89071.0,2428.0,33884.0,0.0
2020-07-29,1589,9,168,1410,10,11,345761.0,10862.0,334899.0,14251,48,882,13069,300,1533056.0,19326.0,1513730.0,6115.0,89543.0,2367.0,34020.0,0.0
2020-07-30,1592,3,164,1417,7,11,347944.0,10991.0,336953.0,14269,18,837,13132,300,1541946.0,19018.0,1522928.0,6254.0,90166.0,2503.0,34125.0,0.0
2020-07-31,1600,8,165,1424,7,11,350384.0,11185.0,339199.0,14305,36,821,13183,301,1549491.0,18330.0,1531161.0,6332.0,90716.0,2528.0,34248.0,0.0
2020-08-01,1602,2,157,1434,10,11,352175.0,11066.0,341109.0,14336,31,802,13233,301,1557494.0,18278.0,1539216.0,6428.0,91296.0,2422.0,34542.0,0.0
2020-08-02,1607,5,154,1442,8,11,353323.0,10917.0,342406.0,14366,30,806,13259,301,1561880.0,17768.0,1544112.0,6428.0,91296.0,2422.0,34542.0,0.0
2020-08-03,1612,5,152,1449,7,11,354151.0,11027.0,343124.0,14389,23,808,13280,301,1565368.0,17401.0,1547967.0,7022.0,92605.0,2227.0,34773.0,0.0
2020-08-04,1621,9,147,1463,14,11,355722.0,11017.0,344705.0,14423,34,770,13352,301,1575357.0,18724.0,1556633.0,7111.0,93620.0,2246.0,34804.0,0.0
2020-08-05,1627,6,140,1475,12,12,358074.0,11202.0,346872.0,14456,33,748,13406,302,1583731.0,18490.0,1565241.0,7264.0,94028.0,2225.0,34906.0,0.0
2020-08-06,1636,9,136,1488,13,12,360452.0,11135.0,349317.0,14499,43,697,13500,302,1591988.0,18031.0,1573957.0,7437.0,94591.0,2264.0,34988.0,0.0
2020-08-07,1645,9,130,1502,15,13,362228.0,10391.0,351837.0,14519,20,673,13543,303,1599133.0,17068.0,1582065.0,7481.0,95070.0,2192.0,35129.0,0.0
2020-08-08,1662,17,135,1514,12,13,363698.0,10414.0,353284.0,14562,43,629,13629,304,1620514.0,16105.0,1589847.0,7682.0,95603.0,2080.0,35307.0,0.0
2020-08-09,1675,13,147,1515,1,13,364796.0,10606.0,354190.0,14598,36,651,13642,305,1624650.0,16803.0,1593249.0,7864.0,96474.0,2159.0,35397.0,0.0
2020-08-10,1688,13,159,1516,1,13,,10711.0,354960.0,14626,28,663,13658,305,,16396.0,1597281.0,7891.0,97189.0,2294.0,35407.0,0.0
2020-08-11,1694,6,147,1534,18,13,,,,14660,34,626,13729,305,,,,,,,,0.0
2020-08-12,1709,15,147,1549,15,13,,,,14714,54,623,13786,305,,,,,,,,0.0
2020-08-13,1735,26,166,1556,7,13,,,,14770,56,648,13817,305,,,,,,,,0.0
2020-08-14,1767,32,190,1564,8,13,,,,14873,103,705,13863,305,,,,,,,,0.0
2020-08-15,1841,74,257,1571,7,13,,,,15039,166,833,13901,305,,,,,,,,0.0
2020-08-16,1987,146,403,1571,0,13,,,,15318,279,1103,13910,305,,,,,,,,0.0
2020-08-17,2077,90,493,1571,0,13,,,,15515,197,1293,13917,305,,,,,,,,0.0
2020-08-18,2209,132,622,1573,2,14,,,,15761,246,1521,13934,306,,,,,,,,0.0
2020-08-19,2360,151,758,1588,15,14,,,,16058,297,1746,14006,306,,,,,,,,0.0
2020-08-20,2495,135,879,1601,13,15,,,,16346,288,1976,14063,307,,,,,,,,0.0
2020-08-21,2621,126,983,1622,21,16,,,,16670,324,2241,14120,309,,,,,,,,0.0
2020-08-22,2749,128,1094,1639,17,16,,,,17002,332,2524,14169,309,,,,,,,,0.0
2020-08-23,2889,140,1234,1639,0,16,,,,17399,397,2890,14200,309,,,,,,,,0.0
2020-08-24,2986,97,1331,1639,0,16,,,,17665,266,3137,14219,309,,,,,,,,0.0
2020-08-25,3120,134,1433,1671,32,16,,,,17945,280,3349,14286,310,,,,,,,,0.0
2020-08-26,3232,112,1516,1699,28,17,,,,18265,320,3585,14368,312,,,,,,,,0.0
2020-08-27,3386,154,1636,1733,34,17,,,,18706,441,3932,14461,313,,,,,,,,0.0
2020-08-28,3532,146,1751,1762,29,19,,,,19077,371,4210,14551,316,,,,,,,,0.0
2020-08-29,3657,125,1750,1887,125,20,,,,19400,323,4314,14765,321,,,,,,,,0.0
2020-08-30,3773,116,1863,1888,1,22,,,,19699,299,4473,14903,323,,,,,,,,0.0
2020-08-31,3867,94,1945,1899,11,23,,,,19947,248,4650,14973,324,,,,,,,,0.0
2020-09-01,3961,94,1937,2001,112,23,,,,20182,235,4660,15198,324,,,,,,,,0.0
2020-09-02,4062,101,1990,2048,47,24,,,,20449,267,4767,15356,326,,,,,,,,0.0
2020-09-03,4131,69,1996,2111,63,24,,,,20644,195,4786,15529,329,,,,,,,,0.0
2020-09-04,4201,68,2001,2176,65,24,,,,20842,198,4728,15783,331,,,,,,,,0.0
2020-09-05,4251,51,2006,2220,45,25,,,,21010,168,4668,16009,333,,,,,,,,0.0
2020-09-06,4314,63,2063,2225,5,26,,,,21177,167,4697,16146,334,,,,,,,,0.0
2020-09-07,4362,48,2068,2266,41,28,,,,21296,119,4663,16297,336,,,,,,,,0.0
2020-09-08,4429,67,1960,2437,171,32,,,,21432,136,4455,16636,341,,,,,,,,0.0
2020-09-09,4478,49,1803,2643,206,32,,,,21588,156,4221,17023,344,,,,,,,,0.0
2020-09-10,4526,48,1732,2762,119,32,,,,21743,155,4037,17360,346,,,,,,,,0.0
2020-09-11,4589,63,1718,2837,75,34,,,,21919,176,3953,17616,350,,,,,,,,0.0
2020-09-12,4639,50,1533,3071,234,35,,,,22055,136,3671,18029,355,,,,,,,,0.0
2020-09-13,4670,31,1520,3112,41,38,,,,22176,121,3592,18226,358,,,,,,,,0.0
2020-09-14,4711,41,1395,3276,164,40,,,,22285,109,3433,18489,363,,,,,,,,0.0
2020-09-15,4743,32,1208,3493,217,42,,,,22391,106,3146,18878,367,,,,,,,,0.0
2020-09-16,4794,51,1058,3694,201,42,,,,22504,113,2827,19310,367,,,,,,,,0.0
2020-09-17,4857,63,1066,3748,54,43,,,,22657,153,2742,19543,372,,,,,,,,0.0
2020-09-18,4904,46,1017,3841,93,46,,,,22783,126,2635,19771,377,,,,,,,,0.0
2020-09-19,4944,40,1010,3888,47,46,,,,22893,110,2545,19970,378,,,,,,,,0.0
2020-09-20,4972,28,964,3961,73,47,,,,22975,82,2434,20158,383,,,,,,,,0.0
2020-09-21,4995,23,962,3985,24,48,,,,23045,70,2412,20248,385,,,,,,,,0.0
2020-09-22,5016,21,933,4034,49,49,,,,23106,61,2277,20441,388,,,,,,,,0.0
2020-09-23,5056,40,897,4110,76,49,,,,23216,110,2178,20650,388,,,,,,,,0.0
2020-09-24,5095,39,872,4173,63,50,,,,23341,125,2116,20832,393,,,,,,,,0.0
2020-09-25,5152,57,872,4228,55,52,,,,23455,114,2082,20978,395,,,,,,,,0.0
2020-09-26,5178,26,809,4316,89,53,,,,23516,61,1451,21666,399,,,,,,,,0.0
2020-09-27,5212,34,833,4326,10,53,,,,23611,95,1962,21248,401,,,,,,,,0.0
2020-09-28,5231,19,847,4330,4,54,,,,23661,50,1963,21292,406,,,,,,,,0.0
2020-09-29,5242,11,787,4401,75,54,,,,23699,38,1822,21470,407,,,,,,,,0.0
2020-09-30,5293,51,822,4415,14,56,,,,23812,113,1809,21590,413,,,,,,,,0.0
2020-10-01,5323,30,833,4433,18,57,,,,23889,77,1808,21666,415,,,,,,,,0.0
2020-10-02,5334,11,832,4445,12,57,,,,23952,63,1803,21733,416,,,,,,,,0.0
2020-10-03,5360,26,845,4456,11,59,,,,24027,75,1820,21787,420,,,,,,,,0.0
2020-10-04,5376,16,850,4466,10,60,,,,24091,64,1825,21845,421,,,,,,,,0.0
2020-10-05,5395,19,859,4475,9,61,,,,24164,73,1856,21886,422,,,,,,,,0.0
2020-10-06,5410,15,765,4584,109,61,,,,24239,75,1734,22083,422,,,,,,,,0.0
2020-10-07,5443,33,646,4736,152,61,,,,24353,114,1594,22334,425,,,,,,,,0.0
2020-10-08,5463,20,592,4809,73,62,,,,24422,69,1532,22463,427,,,,,,,,0.0
2020-10-09,5485,22,577,4846,37,62,,,,24476,54,1479,22569,428,,,,,,,,0.0
2020-10-10,5510,25,600,4847,1,63,,,,24548,72,1494,22624,430,,,,,,,,0.0
2020-10-11,5533,23,591,4878,31,64,,,,24606,58,1481,22693,432,,,,,,,,0.0
2020-10-12,5564,31,606,4894,16,64,,,,24703,97,1541,22729,433,,,,,,,,0.0
2020-10-13,5584,20,554,4965,71,65,,,,24805,102,1508,22863,434,,,,,,,,0.0
2020-10-14,5607,23,491,5050,85,66,,,,24889,84,1421,23030,438,,,,,,,,0.0
2020-10-15,5632,25,511,5055,5,66,,,,24988,110,1467,23082,439,,,,,,,,0.0
2020-10-16,5650,18,492,5091,36,67,,,,25035,47,1414,23180,441,,,,,,,,0.0
2020-10-17,5668,18,481,5119,29,68,,,,25108,73,1407,23258,443,,,,,,,,0.0
2020-10-18,5688,20,487,5132,13,69,,,,25199,91,1443,23312,444,,,,,,,,0.0
2020-10-19,5702,14,472,5161,29,69,,,,25275,76,1463,23368,444,,,,,,,,0.0
2020-10-20,5713,11,427,5217,56,69,,,,25333,58,1420,23466,447,,,,,,,,0.0
2020-10-21,5730,17,391,5268,51,71,,,,25424,91,1390,23584,450,,,,,,,,0.0
2020-10-22,5748,18,391,5283,15,74,,,,25543,121,1443,23647,453,,,,,,,,0.0
2020-10-23,5768,20,390,5304,21,74,,,,25698,155,1526,23717,455,,,,,,,,0.0
2020-10-24,5790,22,366,5350,46,74,,,,25775,77,1484,23834,457,,,,,,,,0.0
2020-10-25,5807,17,383,5350,0,74,,,,25836,61,1510,23869,457,,,,,,,,0.0
2020-10-26,5827,20,385,5368,18,74,,,,25955,119,1593,23905,457,,,,,,,,0.0
2020-10-27,5851,24,381,5394,18,76,,,,26043,88,1602,23981,460,,,,,,,,0.0
2020-10-28,5876,25,365,5434,40,77,,,,26146,103,1612,24073,461,,,,,,,,0.0
2020-10-29,5912,36,372,5462,28,78,,,,26271,125,1641,24168,462,,,,,,,,0.0
2020-10-30,5960,48,407,5475,13,78,,,,26385,114,1695,24227,463,,,,,,,,0.0
2020-10-31,6011,52,438,5495,20,78,,,,26511,127,1736,24311,464,,,,,,,,0.0
2020-11-01,6056,45,482,5496,1,78,,,,26635,124,1812,24357,466,,,,,,,,0.0
2020-11-02,6081,25,503,5500,4,78,,,,26732,97,1869,24395,468,,,,,,,,0.0
2020-11-03,6103,22,480,5545,45,78,,,,26807,75,1825,24510,472,,,,,,,,0.0
2020-11-04,6145,42,495,5572,27,78,,,,26925,118,1835,24616,474,,,,,,,,0.0
2020-11-05,6195,50,511,5606,34,78,,,,27050,125,1840,24735,475,,,,,,,,0.0
2020-11-06,6235,40,530,5627,21,78,,,,27195,145,1898,24821,476,,,,,,,,0.0
2020-11-07,6272,37,555,5639,12,78,,,,27284,89,1897,24910,477,,,,,,,,0.0
2020-11-08,6326,54,598,5650,11,78,,,,27427,143,1981,24968,478,,,,,,,,0.0
2020-11-09,6372,46,621,5673,23,78,,,,27553,126,2044,25029,480,,,,,,,,0.0
2020-11-10,6407,35,625,5703,30,79,,,,27653,100,2008,25160,485,,,,,,,,0.0
2020-11-11,6452,45,638,5735,32,79,,,,27799,146,2046,25266,487,,,,,,,,0.0
2020-11-12,6505,53,650,5776,41,79,,,,27942,143,2051,25404,487,,,,,,,,0.0
2020-11-13,6579,74,674,5826,50,79,,,,28133,191,2108,25537,488,,,,,,,,0.0
2020-11-14,6648,69,715,5853,28,80,,,,28338,205,2210,25636,492,,,,,,,,0.0
2020-11-15,6733,85,778,5874,21,81,,,,28546,208,2362,25691,493,,,,,,,,0.0
2020-11-16,6814,81,848,5885,11,81,,,,28769,223,2516,25759,494,,,,,,,,0.0
2020-11-17,6903,90,899,5923,38,81,,,,28998,230,2644,25860,494,,,,,,,,0.0
2020-11-18,6995,92,945,5968,45,82,,,,29311,313,2842,25973,496,,,,,,,,0.0
2020-11-19,7104,109,1009,6012,44,83,,,,29654,343,3058,26098,498,,,,,,,,0.0
2020-11-20,7236,132,1043,6109,97,84,,,,30017,363,3253,26263,501,,,,,,,,0.0
2020-11-21,7392,156,1171,6136,27,85,,,,30403,386,3535,26365,503,,,,,,,,0.0
2020-11-22,7513,121,1257,6171,35,85,,,,30733,330,3762,26466,505,,,,,,,,0.0
2020-11-23,7625,112,1367,6172,1,86,,,,31004,271,3956,26539,509,,,,,,,,0.0
2020-11-24,7758,133,1436,6235,63,87,,,,31353,349,4121,26722,510,,,,,,,,0.0
2020-11-25,7900,142,1555,6258,23,87,,,,31735,382,4397,26825,513,,,,,,,,0.0
2020-11-26,8113,213,1725,6300,42,88,,,,32318,583,4853,26950,515,,,,,,,,0.0
2020-11-27,8317,204,1865,6364,64,88,,,,32887,569,5268,27103,516,,,,,,,,0.0
2020-11-28,8494,178,1948,6455,91,91,,,,33375,504,5504,27349,522,,,,,,,,0.0
2020-11-29,8652,158,2031,6529,56,92,,,,33824,450,5759,27542,523,,,,,,,,0.0
2020-11-30,8811,159,2184,6534,5,93,,,,34201,438,6022,27653,526,,,,,,,,0.0
2020-12-01,8966,155,2253,6620,86,93,,,,34652,451,6241,27885,526,,,,,,,,0.0
2020-12-02,9159,193,2441,6625,5,93,,,,35163,511,6572,28065,526,,,,,,,,0.0
2020-12-03,9421,262,2607,6719,94,95,,,,35703,540,6822,28352,529,,,,,,,,0.0
2020-12-04,9716,295,2845,6774,55,97,,,,36332,629,7185,28611,536,,,,,,,,0.0
2020-12-05,9951,235,2964,6887,113,100,,,,36915,583,7458,28917,540,,,,,,,,0.0
2020-12-06,10205,254,3184,6920,33,101,,,,37546,631,7873,29128,545,,,,,,,,0.0
2020-12-07,10449,244,3395,6952,32,102,,,,38161,615,8311,29301,549,,,,,,,,0.0
2020-12-08,10663,214,3530,7029,77,104,,,,38755,594,8553,29650,552,,,,,,,,0.0
2020-12-09,10932,270,3610,7217,188,105,,,,39432,686,8699,30177,556,,,,,,,,0.0
2020-12-10,11175,251,3784,7286,69,105,,,,40098,682,8897,30637,564,,,,,,,,0.0
2020-12-11,11426,252,3889,7431,145,106,,,,40786,689,9057,31157,572,,,,,,,,0.0
2020-12-12,11788,362,4223,7456,25,109,,,,41736,950,9665,31493,578,,,,,,,,0.0
2020-12-13,12187,399,4588,7490,34,109,,,,42766,1030,10372,31814,580,,,,,,,,0.0
2020-12-14,12406,219,4721,7573,34,112,,,,43484,718,10795,32102,587,,,,,,,,0.0
2020-12-15,12657,251,4878,7664,91,115,,,,44364,880,11205,32559,600,,,,,,,,0.0
2020-12-16,13035,378,5225,7690,26,120,,,,45442,1078,11883,32947,612,,,,,,,,0.0
2020-12-17,13458,423,5412,7921,231,125,,,,46453,1014,12209,33610,634,,,,,,,,0.0
2020-12-18,13856,398,5734,7996,75,126,,,,47515,1062,12888,33982,645,,,,,,,,0.0
2020-12-19,14240,384,6081,8031,35,128,,,,48570,1053,13577,34334,659,,,,,,,,0.0
2020-12-20,14711,473,6361,8220,189,130,,,,49665,1097,14269,34722,674,,,,,,,,0.0
2020-12-21,15039,328,6533,8370,150,136,,,,50591,926,14738,35155,698,,,,,,,,0.0
2020-12-22,15356,317,6650,8562,192,144,,,,51460,869,14810,35928,722,,,,,,,,0.0
2020-12-23,15732,376,6723,8864,302,145,,,,52550,1092,15085,36726,739,,,,,,,,0.0
2020-12-24,16050,319,6732,9171,307,147,,,,53533,985,15352,37425,756,,,,,,,,0.0
2020-12-25,16602,552,7134,9320,149,148,,,,54770,1216,15949,38048,773,,,,,,,,0.0
2020-12-26,17068,466,7433,9480,160,155,,,,55902,1132,16577,38532,793,,,,,,,,0.0
2020-12-27,17430,362,7684,9589,109,157,,,,56872,970,17024,39040,808,,,,,,,,0.0
2020-12-28,17731,301,7961,9611,22,159,,,,57680,808,17593,39268,819,,,,,,,,0.0
2020-12-29,18253,523,8076,10010,399,167,,,,58725,1046,17163,40703,859,,,,,,,,0.0
2020-12-30,18638,387,8341,10125,115,172,,,,59773,1050,17459,41435,879,,,,,,,,0.0
2020-12-31,19004,366,8386,10441,316,177,,,,60740,967,17569,42271,900,,,,,,,,0.0
2021-01-01,19363,359,8394,10787,346,182,,,,61769,1029,17899,42953,917,,,,,,,,0.0
2021-01-02,19614,251,8576,10852,65,186,,,,62593,824,18073,43578,942,,,,,,,,0.0
2021-01-03,19809,197,8099,11521,669,189,,,,63244,657,17775,44507,962,,,,,,,,0.0
2021-01-04,20138,329,8224,11721,200,193,,,,64264,1020,18043,45240,981,,,,,,,,0.0
2021-01-05,20338,199,8039,12095,374,204,,,,64979,715,17800,46172,1007,,,,,,,,0.0
2021-01-06,20602,264,7966,12429,334,207,,,,65818,840,17796,46995,1027,,,,,,,,0.0
2021-01-07,20899,298,8143,12543,114,213,,,,66686,870,17991,47649,1046,,,,,,,,0.0
2021-01-08,21088,191,8060,12805,262,223,,,,67358,674,17908,48369,1081,,,,,,,,0.0
2021-01-09,21276,188,7794,13259,454,223,,,,67999,641,17575,49324,1100,,,,,,,,0.0
2021-01-10,21463,187,7433,13800,541,230,,,,68664,665,17130,50409,1125,,,,,,,,0.0
2021-01-11,21604,141,5832,15534,1734,238,,,,69114,451,15422,52552,1140,,,,,,,,0.0
2021-01-12,21771,167,5585,15938,404,248,,,,69651,537,14917,53569,1165,,,,,,,,0.0
2021-01-13,21922,152,5585,16087,149,250,,,,70212,562,14391,54636,1185,,,,,,,,0.0
2021-01-14,22056,134,5500,16304,217,252,,,,70728,524,13761,55772,1195,,,,,,,,0.0
2021-01-15,22183,127,5411,16518,214,254,,,,71241,513,13488,56536,1217,,,,,,,,0.0
2021-01-16,22339,156,5192,16885,367,262,,,,71820,580,13030,57554,1236,,,,,,,,0.0
2021-01-17,22484,145,5126,17093,208,265,,,,72340,520,12838,58253,1249,,,,,,,,0.0
2021-01-18,22616,132,5134,17211,118,271,,,,72729,389,12742,58723,1264,,,,,,,,0.0
2021-01-19,22717,101,4953,17487,276,277,,,,73115,386,12364,59468,1283,,,,,,,,0.0
2021-01-20,22859,143,4818,17762,275,279,,,,73518,404,12038,60180,1300,,,,,,,,0.0
2021-01-21,22984,125,4712,17987,225,285,,,,73918,401,11756,60846,1316,,,,,,,,0.0
2021-01-22,23097,115,4651,18156,169,290,,,,74262,346,11519,61415,1328,,,,,,,,0.0
2021-01-23,23224,127,4636,18294,138,294,,,,74692,431,11311,62044,1337,,,,,,,,0.0
2021-01-24,23357,133,4606,18454,160,297,,,,75084,392,11205,62530,1349,,,,,,,,0.0
2021-01-25,23459,102,4532,18626,172,301,,,,75521,437,11205,62956,1360,,,,,,,,0.0
2021-01-26,23563,104,4231,19028,402,304,,,,75875,354,9711,64793,1371,,,,,,,,0.0
2021-01-27,23692,129,4227,19158,130,307,,,,76429,559,9573,65478,1378,,,,,,,,0.0
2021-01-28,23797,105,4157,19329,171,311,,,,76926,497,9524,66016,1386,,,,,,,,0.0
2021-01-29,23908,112,4105,19486,157,317,,,,77395,469,9493,66503,1399,,,,,,,,0.0
2021-01-30,24061,154,4144,19594,108,323,,,,77850,458,9315,67121,1414,,,,,,,,0.0
2021-01-31,24162,101,3750,20088,494,324,,,,78205,355,8907,67878,1420,,,,,,,,0.0
2021-02-01,24267,107,3612,20330,242,325,,,,78508,305,8774,68309,1425,,,,,,,,0.0
2021-02-02,24395,128,3584,20485,155,326,,,,78844,336,8634,68775,1435,,,,,,,,0.0
2021-02-03,24583,188,3563,20693,208,327,,,,79311,467,8571,69299,1441,,,,,,,,0.0
2021-02-04,24755,172,3655,20771,78,329,,,,79762,451,8610,69704,1448,,,,,,,,0.0
2021-02-05,24880,126,3637,20911,140,332,,,,80131,370,8555,70117,1459,,,,,,,,0.0
2021-02-06,25023,143,3681,21009,98,333,,,,80524,393,8555,70505,1464,,,,,,,,0.0
2021-02-07,25167,144,3737,21092,83,338,,,,80896,372,8560,70865,1471,,,,,,,,0.0
2021-02-08,25279,112,3755,21185,93,339,,,,81190,289,8498,71218,1474,,,,,,,,0.0
2021-02-09,25369,90,3710,21318,133,341,,,,81487,303,8329,71676,1482,,,,,,,,0.0
2021-02-10,25544,175,3724,21477,159,343,,,,81930,444,8218,72226,1486,,,,,,,,0.0
2021-02-11,25727,183,3832,21548,71,347,,,,82434,504,8300,72638,1496,,,,,,,,0.0
2021-02-12,25885,158,3886,21648,100,351,,,,82837,403,8394,72936,1507,,,,,,,,0.0
2021-02-13,26021,136,3943,21726,78,352,,,,83199,362,8458,73227,1514,,,,,,,,0.0
2021-02-14,26173,152,4003,21815,89,355,,,,83525,326,8444,73559,1522,,,,,,,,0.0
2021-02-15,26324,151,4081,21887,72,356,,,,83869,344,8548,73794,1527,,,,,,,,0.0
2021-02-16,26484,161,4093,22032,145,359,,,,84325,457,8240,74551,1534,,,,,,,,0.0
2021-02-17,26742,258,3952,22430,398,360,,,,84946,621,8048,75360,1538,,,,,,,,0.0
2021-02-18,26927,185,3878,22687,257,362,,,,85567,621,8127,75896,1544,,,,,,,,0.0
2021-02-19,27107,180,3665,23078,391,364,,,,86128,561,8065,76513,1550,,,,,,,,0.0
2021-02-20,27230,123,3466,23399,321,365,,,,86574,446,7938,77083,1553,,,,,,,,0.0
2021-02-21,27360,130,3442,23553,154,365,,,,86992,416,7919,77516,1557,,,,,,,,0.0
2021-02-22,27466,106,3392,23705,152,369,,,,87324,332,7875,77887,1562,,,,,,,,0.0
2021-02-23,27592,126,3246,23975,270,371,,,,87681,357,7714,78394,1573,,,,,,,,0.0
2021-02-24,27735,144,2914,24449,474,372,,,,88120,440,7494,79050,1576,,,,,,,,0.0
2021-02-25,27857,122,2832,24652,203,373,,,,88516,396,7448,79487,1581,,,,,,,,0.0
2021-02-26,27989,132,2806,24808,156,375,,,,88922,406,7457,79880,1585,,,,,,,,0.0
2021-02-27,28120,131,2796,24946,138,378,,,,89321,415,7393,80333,1595,,,,,,,,0.0
2021-02-28,28240,120,2843,25017,71,380,,,,89676,356,7376,80697,1603,,,,,,,,0.0
2021-03-01,28332,92,2864,25087,70,381,,,,90029,355,7354,81070,1605,,,,,,,,0.0
2021-03-02,28454,122,2921,25152,65,381,,,,90372,344,7428,81338,1606,,,,,,,,0.0
2021-03-03,28573,119,2937,25251,99,385,,,,90816,444,7504,81700,1612,,,,,,,,0.0
2021-03-04,28691,118,2884,25419,168,388,,,,91240,424,7459,82162,1619,,,,,,,,0.0
2021-03-05,28820,129,2883,25546,127,391,,,,91638,398,7451,82560,1627,,,,,,,,0.0
2021-03-06,28947,128,2926,25628,82,393,,,,92055,418,7510,82913,1632,,,,,,,,0.0
2021-03-07,29079,132,2977,25708,80,394,,,,92471,416,7617,83220,1634,,,,,,,,0.0
2021-03-08,29179,100,2988,25795,87,396,,,,92817,346,7701,83474,1642,,,,,,,,0.0
2021-03-09,29281,102,2916,25969,174,396,,,,93263,446,7718,83900,1645,,,,,,,,0.0
2021-03-10,29419,138,2901,26120,151,398,,,,93733,470,7773,84312,1648,,,,,,,,0.0
2021-03-11,29557,138,2945,26213,93,399,,,,94198,465,7871,84675,1652,,,,,,,,0.0
2021-03-12,29697,140,2580,26717,504,400,,,,94686,488,7281,85743,1662,,,,,,,,0.0
2021-03-13,29837,140,2237,27197,480,403,,,,95176,490,6884,86625,1667,,,,,,,,0.0
2021-03-14,29949,112,2097,27448,251,404,,,,95635,459,6558,87408,1669,,,,,,,,0.0
2021-03-15,30061,112,2128,27526,78,407,,,,96017,382,6588,87754,1675,,,,,,,,0.0
2021-03-16,30140,79,1997,27734,208,409,,,,96380,363,6447,88255,1678,,,,,,,,0.0
2021-03-17,30260,120,1861,27987,253,412,,,,96849,469,6349,88814,1686,,,,,,,,0.0
2021-03-18,30384,124,1864,28108,121,412,,,,97294,445,6428,89178,1688,,,,,,,,0.0
2021-03-19,30530,146,1931,28186,78,413,,,,97757,463,6544,89523,1690,,,,,,,,0.0
2021-03-20,30650,120,1919,28318,132,413,,,,98209,452,6567,89949,1693,,,,,,,,0.0
2021-03-21,30775,125,1975,28386,68,414,,,,98665,456,6641,90328,1696,,,,,,,,0.0
2021-03-22,30879,109,1998,28466,80,415,,,,99075,415,6767,90611,1697,,,,,,,,0.0
2021-03-23,30976,97,1953,28608,142,415,,,,99421,346,6638,91079,1704,,,,,,,,0.0
2021-03-24,31110,137,1958,28735,127,417,,,,99846,428,6579,91560,1707,,,,,,,,0.0
2021-03-25,31237,127,1893,28926,191,418,,,,100276,430,6499,92068,1709,,,,,,,,0.0
2021-03-26,31359,122,1736,29203,277,420,,,,100770,494,6424,92630,1716,,,,,,,,0.0
2021-03-27,31486,127,1746,29318,115,422,,,,101275,505,6079,93475,1721,,,,,,,,0.0
2021-03-28,31624,138,1815,29386,68,423,,,,101757,482,6180,93855,1722,,,,,,,,0.0
2021-03-29,31731,107,1869,29439,53,423,,,,102141,384,6291,94124,1726,,,,,,,,0.0
2021-03-30,31876,145,1894,29558,119,424,,,,102582,447,6290,94563,1729,,,,,,,,0.0
2021-03-31,32034,158,1916,29694,136,424,,,,103088,506,6327,95030,1731,,,,,,,,0.0
2021-04-01,32233,199,2026,29782,88,425,,,,103639,551,6465,95439,1735,,,,,,,,0.0
2021-04-02,32397,167,2073,29898,116,426,,,,104194,558,6596,95861,1737,,,,,,,,0.0
2021-04-03,32551,155,2148,29976,78,427,,,,104736,543,6800,96196,1740,,,,,,,,0.0
2021-04-04,32700,149,2170,30101,125,429,,,,105279,543,6946,96589,1744,,,,,,,,0.0
2021-04-05,32852,152,2251,30172,71,429,,,,105752,473,7104,96900,1748,,,,,,,,0.0
2021-04-06,32999,147,2267,30303,131,429,,,,106230,478,7115,97363,1752,,,,,,,,0.0
2021-04-07,33197,198,2336,30430,127,431,,,,106898,668,7214,97928,1756,,,,,,,,0.0
2021-04-08,33441,244,2469,30541,111,431,,,,107598,700,7480,98360,1758,,,,,,,,0.0
2021-04-09,33656,215,2571,30651,110,434,,,,108269,671,7719,98786,1764,,,,,,,,0.0
2021-04-10,33857,201,2640,30783,132,434,,,,108945,677,7879,99301,1765,,,,,,,,0.0
2021-04-11,34071,214,2381,31256,473,434,,,,109559,614,7682,100109,1768,,,,,,,,0.0
2021-04-12,34233,162,2493,31305,49,435,,,,110146,587,7572,100804,1770,,,,,,,,0.0
2021-04-13,34391,158,2470,31484,179,437,,,,110688,542,7581,101332,1775,,,,,,,,0.0
2021-04-14,34638,247,2467,31733,249,438,,,,111419,731,7654,101983,1782,,,,,,,,0.0
2021-04-15,34855,217,2490,31925,192,440,,,,112117,698,7816,102513,1788,,,,,,,,0.0
2021-04-16,35070,216,2475,32153,228,442,,,,112789,673,7937,103062,1790,,,,,,,,0.0
2021-04-17,35287,217,2544,32300,147,443,,,,113444,658,8056,103594,1794,,,,,,,,0.0
2021-04-18,35492,205,2672,32377,77,443,,,,114115,672,8312,104006,1797,,,,,,,,0.0
2021-04-19,35628,137,2722,32463,86,443,,,,114646,532,8371,104474,1801,,,,,,,,0.0
2021-04-20,35776,148,2690,32643,180,443,,,,115195,549,8166,105227,1802,,,,,,,,0.0
2021-04-21,35994,218,2660,32891,248,443,,,,115926,731,8243,105877,1806,,,,,,,,0.0
2021-04-22,36224,230,2719,33062,171,443,,,,116661,735,8394,106459,1808,,,,,,,,0.0
2021-04-23,36428,204,2755,33229,167,444,,,,117458,797,8576,107071,1811,,,,,,,,0.0
2021-04-24,36681,253,2737,33500,271,444,,,,118243,785,8650,107781,1812,,,,,,,,0.0
2021-04-25,36856,175,2640,33772,272,444,,,,118887,644,8599,108475,1813,,,,,,,,0.0
2021-04-26,37010,154,2759,33806,34,445,,,,119387,500,8720,108850,1817,,,,,,,,0.0
2021-04-27,37126,116,2614,34067,261,445,,,,119898,512,8383,109695,1820,,,,,,,,0.0
2021-04-28,37385,259,2728,34212,145,445,,,,120673,775,8604,110248,1821,,,,,,,,0.0
2021-04-29,37610,227,2834,34329,117,447,,,,121351,680,8739,110787,1825,,,,,,,,0.0
2021-04-30,37837,227,2912,34477,148,448,,,,122007,661,8757,111422,1828,,,,,,,,0.0
2021-05-01,38032,195,2674,34908,431,450,,,,122634,627,8466,112337,1831,,,,,,,,0.0
2021-05-02,38214,182,2712,35051,143,451,,,,123240,606,8542,112865,1833,,,,,,,,0.0
2021-05-03,38341,127,2781,35109,58,451,,,,123728,488,8538,113356,1834,,,,,,,,0.0
2021-05-04,38525,184,2714,35359,250,452,,,,124269,541,8301,114128,1840,,,,,,,,0.0
2021-05-05,38763,238,2763,35548,189,452,,,,124945,676,8154,114944,1847,,,,,,,,0.0
2021-05-06,38975,212,2854,35668,120,453,,,,125519,574,8177,115491,1851,,,,,,,,0.0
2021-05-07,39154,179,2849,35848,180,457,,,,126044,525,8162,116022,1860,,,,,,,,0.0
2021-05-08,39396,242,2666,36271,423,459,,,,126745,701,7999,116881,1865,,,,,,,,0.0
2021-05-09,39591,195,2731,36398,127,462,,,,127309,564,8012,117423,1874,,,,,,,,0.0
2021-05-10,39732,141,2745,36525,127,462,,,,127772,463,8053,117844,1875,,,,,,,,0.0
2021-05-11,39895,163,2692,36739,214,464,,,,128283,511,7687,118717,1879,,,,,,,,0.0
2021-05-12,40118,223,2762,36890,151,466,,,,128918,635,7661,119373,1884,,,,,,,,0.0
2021-05-12,40118,223,2762,36890,151,466,,,,128918,635,7661,119373,1884,,,,,,,,0.0
2021-05-13,40345,227,2860,37017,127,468,,,,129633,715,7836,119906,1891,,,,,,,,0.0
2021-05-14,40576,231,2938,37170,153,468,,,,130380,747,8092,120395,1893,,,,,,,,0.0
2021-05-15,40830,254,2805,37557,387,468,,,,131061,681,7883,121282,1896,,,,,,,,0.0
2021-05-16,41043,213,2851,37721,164,471,,,,131671,610,8007,121764,1900,,,,,,,,0.0
2021-05-17,41238,195,2932,37834,113,472,,,,132290,619,8224,122163,1903,,,,,,,,0.0
2021-05-18,41410,172,2978,37960,126,472,,,,132818,528,8283,122631,1904,,,,,,,,0.0
2021-05-19,41659,249,3066,38119,159,474,,,,133471,654,8322,123237,1912,,,,,,,,0.0
2021-05-20,41901,242,3156,38270,151,475,,,,134117,646,8542,123659,1916,,,,,,,,0.0
2021-05-21,42073,172,3181,38413,143,479,,,,134678,561,8598,124158,1922,,,,,,,,0.0
2021-05-22,42281,208,2938,38863,450,480,,,,135344,666,8386,125032,1926,,,,,,,,0.0
2021-05-23,42462,181,2830,39152,289,480,,,,135929,585,8117,125881,1931,,,,,,,,0.0
2021-05-24,42601,139,2845,39276,124,480,,,,136467,538,8106,126427,1934,,,,,,,,0.0
2021-05-25,42739,138,2813,39446,170,480,,,,136983,516,8052,126993,1938,,,,,,,,0.0
2021-05-26,43001,262,2840,39680,234,481,,,,137682,707,8160,127582,1940,,,,,,,,0.0
2021-05-27,43219,218,2883,39854,174,482,,,,138311,629,8188,128180,1943,,,,,,,,0.0
2021-05-28,43433,214,2892,40056,202,485,,,,138898,587,8191,128761,1946,,,,,,,,0.0
2021-05-29,43627,194,2552,40589,533,486,,,,139431,533,7741,129739,1951,,,,,,,,0.0
2021-05-30,43787,160,2620,40679,90,488,,,,139910,480,7572,130381,1957,,,,,,,,0.0
2021-05-31,43917,130,2614,40815,136,488,,,,140340,430,7558,130823,1959,,,,,,,,0.0
2021-06-01,44064,147,2541,41032,217,491,,,,140799,459,7373,131463,1963,,,,,,,,0.0
2021-06-02,44322,258,2668,41162,130,492,,,,141476,677,7443,132068,1965,,,,,,,,0.0
2021-06-03,44537,215,2648,41394,232,495,,,,142157,681,7490,132699,1968,,,,,,,,0.0
2021-06-04,44743,206,2753,41494,100,496,,,,142852,695,7594,133289,1969,,,,,,,,0.0
2021-06-05,45020,277,2913,41611,117,496,,,,143596,744,7862,133763,1971,,,,,,,,0.0
2021-06-06,45199,179,2940,41762,151,497,,,,144152,556,7917,134262,1973,,,,,,,,0.0
2021-06-07,45358,159,2765,42096,334,497,,,,144637,485,7802,134861,1974,,,,,,,,0.0
2021-06-08,45497,139,2707,42292,196,498,,,,145091,454,7704,135412,1975,,,,,,,,0.0
2021-06-09,45679,183,2754,42426,134,499,,,,145692,602,7541,136174,1977,,,,,,,,0.0
2021-06-10,45892,213,2766,42627,201,499,,,,146303,611,7611,136713,1979,,,,,,,,0.0
2021-06-11,46096,204,2822,42775,148,499,,,,146859,556,7654,137224,1981,,,,,,,,0.0
2021-06-12,46302,208,2629,43174,399,499,,,,147422,565,7403,138037,1982,,,,,,,,0.0
2021-06-13,46478,176,2681,43296,122,501,,,,147874,452,7308,138581,1985,,,,,,,,0.0
2021-06-14,46600,122,2695,43404,108,501,,,,148273,399,7263,139022,1988,,,,,,,,0.0
2021-06-15,46732,132,2585,43645,241,502,,,,148647,374,6922,139733,1992,,,,,,,,0.0
2021-06-16,46932,201,2531,43898,253,503,,,,149192,545,6760,140438,1994,,,,,,,,0.0
2021-06-17,47133,201,2547,44082,184,504,,,,149731,540,6708,141029,1994,,,,,,,,0.0
2021-06-18,47333,200,2354,44474,392,505,,,,150238,507,6426,141816,1996,,,,,,,,0.0
2021-06-19,47530,197,2407,44617,143,506,,,,150720,482,6338,142385,1997,,,,,,,,0.0
2021-06-20,47695,165,2383,44805,188,507,,,,151149,429,6248,142899,2002,,,,,,,,0.0
2021-06-21,47829,134,2392,44929,124,508,,,,151506,357,6234,143268,2004,,,,,,,,0.0
2021-06-22,47961,132,2322,45130,201,509,,,,151901,395,6078,143817,2006,,,,,,,,0.0
2021-06-23,48196,236,2419,45267,137,510,,,,152545,645,6159,144379,2007,,,,,,,,0.0
2021-06-24,48448,252,2547,45391,124,510,,,,153155,610,6359,144788,2008,,,,,,,,0.0
2021-06-25,48717,269,2496,45710,319,511,,,,153789,634,6391,145389,2009,,,,,,,,0.0
2021-06-26,48980,263,2581,45887,177,512,,,,154457,668,6456,145989,2012,,,,,,,,0.0
2021-06-27,49222,242,2712,45998,111,512,,,,155071,614,6718,146340,2013,,,,,,,,0.0
2021-06-28,49407,185,2808,46086,88,513,,,,155572,501,6882,146675,2015,,,,,,,,0.0
2021-06-29,49612,205,2948,46151,65,513,,,,156167,595,7073,147077,2017,,,,,,,,0.0
2021-06-30,49987,375,2973,46501,350,513,,,,156961,794,7250,147693,2018,,,,,,,,0.0
2021-07-01,50321,334,3214,46593,92,514,,,,157723,762,7678,148024,2021,,,,,,,,0.0
2021-07-02,50668,347,3485,46668,75,515,,,,158549,826,8206,148319,2024,,,,,,,,0.0
2021-07-03,51026,359,3462,47048,380,516,,,,159342,794,8185,149132,2025,,,,,,,,0.0
2021-07-04,51314,289,3591,47207,159,516,,,,160084,743,8444,149614,2026,,,,,,,,0.0
2021-07-05,51621,307,3707,47397,190,517,,,,160795,711,8723,150044,2028,,,,,,,,0.0
2021-07-06,51941,320,3792,47631,234,518,,,,161541,746,8749,150760,2032,,,,,,,,0.0
2021-07-07,52524,583,4067,47939,308,518,,,,162753,1212,9220,151500,2033,,,,,,,,0.0
2021-07-08,53074,550,4490,48066,127,518,,,,164028,1275,10071,151923,2034,,,,,,,,0.0
2021-07-09,53577,503,4791,48267,201,519,,,,165344,1316,10810,152498,2036,,,,,,,,0.0
2021-07-10,54086,509,5023,48542,275,521,,,,166722,1378,11531,153153,2038,,,,,,,,0.0
2021-07-11,54595,509,5253,48819,277,523,,,,168046,1324,12243,153760,2043,,,,,,,,0.0
2021-07-12,54998,403,5526,48949,130,523,,,,169146,1100,12915,154187,2044,,,,,,,,0.0
2021-07-13,55415,417,5812,49080,131,523,,,,170296,1150,13498,154752,2046,,,,,,,,0.0
2021-07-14,56053,638,6134,49395,315,524,,,,171911,1615,14372,155491,2048,,,,,,,,0.0
2021-07-15,56573,520,6133,49915,520,525,,,,173511,1600,14952,156509,2050,,,,,,,,0.0
2021-07-16,57142,570,6550,50067,152,525,,,,175046,1536,15882,157113,2051,,,,,,,,0.0
2021-07-17,57704,562,6768,50409,342,527,,,,176500,1455,16485,157960,2055,,,,,,,,0.0
2021-07-18,58227,523,6829,50871,462,527,,,,177951,1454,16941,158953,2057,,,,,,,,0.0
2021-07-19,58646,419,7061,51058,187,527,,,,179203,1252,17515,159630,2058,,,,,,,,0.0
2021-07-20,59040,394,7294,51219,161,527,,,,180481,1278,18075,160347,2059,,,,,,,,0.0
2021-07-21,59644,604,7458,51658,439,528,,,,182265,1784,18571,161634,2060,,,,,,,,0.0
2021-07-22,60143,499,7289,52326,668,528,,,,184103,1842,18967,163073,2063,,,,,,,,0.0
2021-07-23,60663,520,7385,52750,424,528,,,,185733,1630,19461,164206,2066,,,,,,,,0.0
2021-07-24,61128,465,7501,53099,349,528,,,,187362,1629,20048,165246,2068,,,,,,,,0.0
2021-07-25,61616,489,7623,53464,365,529,,,,188848,1487,20400,166375,2073,,,,,,,,0.0
2021-07-26,61957,341,7756,53672,208,529,,,,190166,1318,20724,167365,2077,,,,,,,,0.0
2021-07-27,62308,351,7599,54180,508,529,,,,191531,1365,20823,168629,2079,,,,,,,,0.0
2021-07-28,62881,573,7306,55044,508,531,,,,193427,1896,20850,170494,2083,,,,,,,,0.0
2021-07-29,63396,515,7549,55315,271,532,,,,195099,1674,21455,171559,2085,,,,,,,,0.0
2021-07-30,63883,488,7794,55557,242,532,,,,196806,1710,21960,172757,2089,,,,,,,,0.0
2021-07-31,64359,476,7760,56065,508,534,,,,198345,1539,22073,174177,2095,,,,,,,,0.0
2021-08-01,64832,473,8109,56188,123,535,,,,199787,1442,22015,175674,2098,,,,,,,,0.0
2021-08-02,65193,365,8274,56384,196,535,,,,201002,1219,22298,176605,2099,,,,,,,,0.0
2021-08-03,65503,311,8163,56803,419,537,,,,202203,1202,22190,177909,2104,,,,,,,,0.0
2021-08-04,65989,486,8323,57129,326,537,,,,203926,1725,22697,179123,2106,,,,,,,,0.0
2021-08-05,66455,466,8406,57510,381,539,,,,205702,1776,22874,180719,2109,,,,,,,,0.0
2021-08-06,66919,464,8358,58021,511,540,,,,207406,1704,23241,182052,2113,,,,,,,,0.0
2021-08-07,67422,503,8198,58684,663,540,,,,209228,1823,23323,183789,2116,,,,,,,,0.0
2021-08-08,67872,450,8322,59008,324,542,,,,210956,1729,23832,185003,2121,,,,,,,,0.0
2021-08-09,68287,415,8282,59462,454,543,,,,212448,1492,24081,186242,2125,,,,,,,,0.0
2021-08-10,68646,360,8183,59918,456,545,,,,213987,1540,24330,187523,2134,,,,,,,,0.0
2021-08-11,69306,661,8236,60524,606,546,,,,216206,2223,24565,189506,2135,,,,,,,,0.0
2021-08-12,69831,526,8607,60678,154,546,,,,218192,1987,25519,190535,2138,,,,,,,,0.0
2021-08-13,70355,524,8566,61240,562,549,,,,220182,1990,25790,192248,2144,,,,,,,,0.0
2021-08-14,70870,515,8621,61699,459,550,,,,222111,1930,26185,193778,2148,,,,,,,,0.0
2021-08-15,71358,488,8743,62061,362,554,,,,223928,1817,26669,195103,2156,,,,,,,,0.0
2021-08-16,71720,364,8917,62246,185,557,,,,225481,1556,27116,196198,2167,,,,,,,,0.0
2021-08-17,72086,366,9158,62368,122,560,,,,226854,1373,27457,197224,2173,,,,,,,,0.0
2021-08-18,72594,510,9140,62893,525,561,,,,228657,1805,26897,199582,2178,,,,,,,,0.0
2021-08-19,73169,575,9147,63458,565,564,,,,230808,2152,27382,201235,2191,,,,,,,,0.0
2021-08-20,73725,556,9196,63963,505,566,,,,232859,2052,27887,202775,2197,,,,,,,,0.0
2021-08-21,74251,526,9243,64441,478,567,,,,234739,1880,28019,204518,2202,,,,,,,,0.0
2021-08-22,74749,499,9380,64798,357,571,,,,236366,1628,27875,206276,2215,,,,,,,,0.0
2021-08-23,75136,388,9276,65287,489,573,,,,237782,1418,27959,207601,2222,,,,,,,,0.0
2021-08-24,75570,438,9252,65744,457,574,,,,239287,1509,27866,209193,2228,,,,,,,,0.0
2021-08-25,76245,677,9277,66393,649,575,,,,241439,2155,28025,211177,2237,,,,,,,,0.0
2021-08-26,76814,570,9611,66625,232,578,,,,243317,1882,28189,212871,2257,,,,,,,,0.0
2021-08-27,77371,557,9533,67259,634,579,,,,245158,1841,28220,214673,2265,,,,,,,,0.0
2021-08-28,77940,569,9472,67887,628,581,,,,246951,1793,27686,216989,2276,,,,,,,,0.0
2021-08-29,78455,517,9388,68486,599,581,,,,248568,1619,27563,218726,2279,,,,,,,,0.0
2021-08-30,78899,444,9280,69037,551,582,,,,250051,1487,27409,220358,2284,,,,,,,,0.0
2021-08-31,79354,456,9370,69401,364,583,,,,251421,1372,27435,221701,2285,,,,,,,,0.0
2021-09-01,80019,665,9537,69898,497,584,,,,253445,2025,26834,224319,2292,,,,,,,,0.0
2021-09-02,80577,559,9291,70699,801,587,,,,255401,1961,26876,226222,2303,,,,,,,,0.0
2021-09-03,81119,542,9188,71343,644,588,,,,257110,1709,26184,228618,2308,,,,,,,,0.0
2021-09-04,81685,566,9230,71865,522,590,,,,258913,1804,26193,230405,2315,,,,,,,,0.0
2021-09-05,82193,508,9032,72569,704,592,,,,260403,1490,25748,232334,2321,,,,,,,,0.0
2021-09-06,82657,464,9091,72973,404,593,,,,261778,1375,25756,233695,2327,,,,,,,,0.0
2021-09-07,83138,482,9035,73508,535,595,,,,263374,1597,25819,235225,2330,,,,,,,,0.0
2021-09-08,83808,671,9034,74177,669,597,,,,265423,2050,25803,237286,2334,,,,,,,,0.0
2021-09-09,84475,667,9383,74493,316,599,,,,267470,2049,26207,238920,2343,,,,,,,,0.0
2021-09-10,85145,670,9540,75002,509,603,,,,269362,1892,26281,240733,2348,,,,,,,,0.0
2021-09-11,85804,659,9737,75460,458,607,,,,271227,1865,25909,242960,2358,,,,,,,,0.0
2021-09-12,86462,658,10085,75770,310,607,,,,272982,1755,26164,244459,2359,,,,,,,,0.0
2021-09-13,87018,556,10413,75998,228,607,,,,274415,1433,26550,245505,2360,,,,,,,,0.0
2021-09-14,87556,539,10627,76321,323,608,,,,275910,1497,25896,247647,2367,,,,,,,,0.0
2021-09-15,88364,808,10645,77107,786,612,,,,277989,2080,25776,249833,2380,,,,,,,,0.0
2021-09-16,89083,719,10577,77892,785,614,,,,279930,1943,25506,252038,2386,,,,,,,,0.0
2021-09-17,89829,746,10319,78896,1004,614,,,,281938,2008,25455,254094,2389,,,,,,,,0.0
2021-09-18,90532,703,10520,79396,500,616,,,,284022,2087,25599,256029,2394,,,,,,,,0.0
2021-09-19,91273,742,10711,79945,549,617,,,,285931,1910,26078,257449,2404,,,,,,,,0.0
2021-09-20,91856,583,10986,80252,307,618,,,,287536,1605,26116,259011,2409,,,,,,,,0.0
2021-09-21,92532,676,11394,80518,266,620,,,,289263,1729,26760,260090,2413,,,,,,,,0.0
2021-09-22,93176,644,11700,80855,337,621,,,,290983,1720,26752,261812,2419,,,,,,,,0.0
2021-09-23,93821,645,11926,81270,415,625,,,,292699,1716,27430,262842,2427,,,,,,,,0.0
2021-09-24,94728,907,12174,81927,657,627,,,,295132,2434,28206,264492,2434,,,,,,,,0.0
2021-09-25,95949,1222,12435,82884,957,630,,,,298402,3273,29547,266414,2441,,,,,,,,0.0
2021-09-26,96877,928,12564,83681,797,632,,,,301172,2771,30582,268140,2450,,,,,,,,0.0
2021-09-27,97655,778,13157,83865,184,633,,,,303553,2383,31965,269132,2456,,,,,,,,0.0
2021-09-28,98497,842,13270,84592,727,635,,,,305842,2289,32450,270928,2464,,,,,,,,0.0
2021-09-29,99550,1054,13553,85358,766,639,,,,308725,2885,33527,272724,2474,,,,,,,,0.0
2021-09-30,100495,945,13951,85901,543,643,,,,311289,2564,34603,274205,2481,,,,,,,,0.0
2021-10-01,101411,916,14332,86430,529,649,,,,313773,2486,35700,275576,2497,,,,,,,,0.0
2021-10-02,102204,793,14561,86990,560,653,,,,316020,2248,36424,277092,2504,,,,,,,,0.0
2021-10-03,102939,736,14670,87614,624,655,,,,318104,2085,36750,278847,2507,,,,,,,,0.0
2021-10-04,103512,574,14650,88206,592,656,,,,319777,1673,34595,282669,2513,,,,,,,,0.0
2021-10-05,104033,521,14786,88585,379,662,,,,321352,1575,34631,284197,2524,,,,,,,,0.0
2021-10-06,104723,690,14497,89560,975,666,,,,323379,2028,33803,287040,2536,,,,,,,,0.0
2021-10-07,105558,837,14573,90316,756,669,,,,325804,2427,34438,288822,2544,,,,,,,,0.0
2021-10-08,106332,776,13591,92067,1751,674,,,,327976,2176,33331,292091,2554,,,,,,,,0.0
2021-10-09,107041,712,12609,93754,1687,678,,,,329925,1953,32436,294929,2560,,,,,,,,0.0
2021-10-10,107624,583,12513,94428,674,683,,,,331519,1594,32236,296708,2575,,,,,,,,0.0
2021-10-11,108135,511,12512,94935,507,688,,,,332816,1297,32211,298022,2583,,,,,,,,0.0
2021-10-12,108617,482,12576,95347,412,694,,,,334163,1347,32309,299260,2594,,,,,,,,0.0
2021-10-13,109195,583,12679,95820,473,696,,,,335742,1584,31071,302066,2605,,,,,,,,0.0
2021-10-14,109940,748,12540,96699,879,701,,,,337679,1940,31342,303719,2618,,,,,,,,0.0
2021-10-15,110620,681,12855,97063,364,702,,,,339361,1684,30884,305851,2626,,,,,,,,0.0
2021-10-16,111205,586,12680,97816,753,709,,,,340978,1618,30147,308187,2644,,,,,,,,0.0
2021-10-17,111710,506,12484,98509,693,717,,,,342396,1420,29392,310344,2660,,,,,,,,0.0
2021-10-18,112065,355,12139,99205,696,721,,,,343445,1050,28996,311781,2668,,,,,,,,0.0
2021-10-19,112363,298,11567,100064,859,732,,,,344518,1073,28397,313432,2689,,,,,,,,0.0
2021-10-20,112866,504,11043,101086,1022,737,,,,346088,1571,26783,316607,2698,,,,,,,,0.0
2021-10-21,113372,506,11099,101532,446,741,,,,347529,1441,27065,317755,2709,,,,,,,,0.0
2021-10-22,113891,519,10783,102362,830,746,,,,348969,1440,25927,320317,2725,,,,,,,,0.0
2021-10-23,114442,551,10520,103166,804,756,,,,350476,1508,25195,322536,2745,,,,,,,,0.0
2021-10-24,114962,520,10774,103424,258,764,,,,351899,1423,25740,323393,2766,,,,,,,,0.0
2021-10-25,115417,455,10736,103912,488,769,,,,353089,1190,25868,324448,2773,,,,,,,,0.0
2021-10-26,115844,427,10356,104712,800,776,,,,354355,1266,23975,327592,2788,,,,,,,,0.0
2021-10-27,116572,729,10561,105232,520,779,,,,356305,1952,23850,329658,2797,,,,,,,,0.0
2021-10-28,117358,788,10950,105626,394,782,,,,358412,2111,24751,330853,2808,,,,,,,,0.0
2021-10-29,118128,770,11177,106165,539,786,,,,360536,2124,24724,332995,2817,,,,,,,,0.0
2021-10-30,118834,706,11447,106599,434,788,,,,362639,2104,25228,334581,2830,,,,,,,,0.0
2021-10-31,119594,760,11248,107550,951,796,,,,364700,2061,25303,336548,2849,,,,,,,,0.0
2021-11-01,120240,646,11535,107906,356,799,,,,366386,1686,26175,337353,2858,,,,,,,,0.0
2021-11-02,120840,600,11529,108509,603,802,,,,367974,1589,26153,338947,2874,,,,,,,,0.0
2021-11-03,121843,1004,11885,109151,642,807,,,,370640,2667,27277,340471,2892,,,,,,,,0.0
2021-11-04,122789,946,12105,109870,719,814,,,,373120,2482,28316,341888,2916,,,,,,,,0.0
2021-11-05,123769,980,12217,110734,864,818,,,,375464,2344,29291,343237,2936,,,,,,,,0.0
2021-11-06,124685,916,12221,111642,908,822,,,,377712,2248,29190,345566,2956,,,,,,,,0.0
2021-11-07,125533,848,12642,112063,421,828,,,,379935,2224,30167,346801,2967,,,,,,,,0.0
2021-11-08,126241,709,12994,112414,351,833,,,,381694,1760,30915,347799,2980,,,,,,,,0.0
2021-11-09,126901,662,12604,113457,1043,840,,,,383407,1715,29751,350658,2998,,,,,,,,0.0
2021-11-10,127874,973,12527,114503,1046,844,,,,385831,2425,29879,352940,3012,,,,,,,,0.0
2021-11-11,128878,1004,12946,115077,574,855,,,,388351,2520,30304,355014,3033,,,,,,,,0.0
2021-11-12,129827,949,13272,115694,617,861,,,,390719,2368,31053,356615,3051,,,,,,,,0.0
2021-11-13,130831,1005,13335,116627,933,869,,,,393042,2325,30406,359553,3083,,,,,,,,0.0
2021-11-14,131809,978,13858,117075,448,876,,,,395460,2419,31466,360891,3103,,,,,,,,0.0
2021-11-15,132668,859,14001,117788,713,879,,,,397466,2006,31517,362834,3115,,,,,,,,0.0
2021-11-16,133513,846,14057,118566,778,890,,,,399591,2125,31955,364499,3137,,,,,,,,0.0
2021-11-17,134948,1436,14679,119371,805,898,,,,402775,3187,33528,366089,3158,,,,,,,,0.0
2021-11-18,136376,1429,15288,120176,805,912,,,,406065,3292,35300,367578,3187,,,,,,,,0.0
2021-11-19,137777,1401,16171,120680,504,926,,,,409099,3034,37161,368723,3215,,,,,,,,0.0
2021-11-20,139154,1377,16298,121915,1235,941,,,,412311,3212,34684,374383,3244,,,,,,,,0.0
2021-11-21,140470,1320,16919,122599,684,952,,,,415425,3120,36396,375755,3274,,,,,,,,0.0
2021-11-22,141748,1278,17857,122931,332,960,,,,418252,2827,38248,376706,3298,,,,,,,,0.0
2021-11-23,142913,1165,17992,123948,1017,973,,,,420950,2699,39061,378561,3328,,,,,,,,0.0
2021-11-24,144647,1735,18685,124968,1020,994,,,,425065,4116,41325,380377,3363,,,,,,,,0.0
2021-11-25,146406,1760,19674,125728,760,1004,,,,429002,3938,43750,381851,3401,,,,,,,,0.0
2021-11-26,148147,1742,20461,126661,933,1025,,,,432901,3901,45910,383551,3440,,,,,,,,0.0
2021-11-27,150035,1888,20760,128229,1568,1046,,,,436968,4068,43335,390141,3492,,,,,,,,0.0
2021-11-28,151711,1676,21845,128794,565,1072,,,,440896,3928,45037,392311,3548,,,,,,,,0.0
2021-11-29,153100,1393,22712,129304,510,1084,,,,444200,3309,47003,393617,3580,,,,,,,,0.0
2021-11-30,154286,1186,22618,130568,1264,1100,,,,447230,3032,47536,396070,3624,,,,,,,,0.0
2021-12-01,156507,2222,23527,131867,1299,1113,,,,452350,5123,50368,398323,3659,,,,,,,,0.0
2021-12-02,158774,2268,24441,133197,1330,1136,,,,457612,5266,53322,400585,3705,,,,,,,,0.0
2021-12-03,160873,2099,24639,135086,1889,1148,,,,462555,4944,55397,403419,3739,,,,,,,,0.0
2021-12-04,163146,2273,25818,136150,1064,1178,,,,467907,5352,58555,405543,3809,,,,,,,,0.0
2021-12-05,165178,2032,27347,136638,488,1193,,,,473034,5128,62007,407175,3852,,,,,,,,0.0
2021-12-06,166586,1408,27834,137538,900,1214,,,,477358,4325,64424,409041,3893,,,,,,,,0.0
2021-12-07,168705,2120,28838,138628,1090,1239,,,,482310,4954,66995,411358,3957,,,,,,,,0.0
2021-12-08,171606,2901,30589,139754,1126,1263,,,,489484,7175,71724,413740,4020,,,,,,,,0.0
2021-12-09,174396,2790,31341,141775,2021,1280,,,,496584,7102,68287,424220,4077,,,,,,,,0.0
2021-12-10,177196,2800,33280,142612,837,1304,,,,503606,7022,73035,426441,4130,,,,,,,,0.0
2021-12-11,180031,2835,34754,143949,1337,1328,,,,510583,6977,77117,429256,4210,,,,,,,,0.0
2021-12-12,182558,2528,36271,144947,998,1340,,,,512976,6689,77117,431606,4253,,,,,,,,0.0
2021-12-13,185108,2550,38113,145639,692,1356,,,,523088,5817,85231,433564,4293,,,,,,,,0.0
2021-12-14,187169,2062,39511,146263,624,1395,,,,528652,5567,88724,435541,4387,,,,,,,,0.0
2021-12-15,190332,3166,40772,148142,1879,1418,,,,536495,7850,89746,442293,4456,,,,,,,,0.0
2021-12-16,193389,3057,43353,148598,456,1438,,,,544117,7622,94629,444970,4518,,,,,,,,0.0
2021-12-17,196234,2846,43972,150801,2203,1461,,,,551551,7435,98151,448809,4591,,,,,,,,0.0
2021-12-18,199028,2794,45569,151980,1179,1479,,,,558864,7314,102883,451337,4644,,,,,,,,0.0
2021-12-19,201347,2320,46849,152995,1179,1503,,,,565098,6236,106350,454026,4722,,,,,,,,0.0
2021-12-20,203255,1908,48246,153488,1179,1521,,,,570414,5318,109512,456126,4776,,,,,,,,0.0
2021-12-21,205249,1994,48436,155276,1179,1537,,,,575615,5202,111159,459628,4828,,,,,,,,0.0
2021-12-22,208048,2805,49585,156894,1179,1569,,,,583065,7456,114758,463401,4906,,,,,,,,0.0
2021-12-23,210768,2720,48540,160630,1179,1598,,,,589978,6919,115908,469055,5015,,,,,,,,0.0
2021-12-24,213114,2346,47411,164088,1179,1615,,,,596209,6233,105417,485721,5071,,,,,,,,0.0
2021-12-25,215233,2123,48049,165521,1433,1663,,,,602045,5842,106926,489943,5176,,,,,,,,0.0
2021-12-26,217150,1917,47820,167649,1433,1681,,,,607463,5419,108013,494205,5245,,,,,,,,0.0
2021-12-27,218646,1496,48374,168574,925,1698,,,,611670,4207,109432,496938,5300,,,,,,,,0.0
2021-12-28,219934,1290,48472,169741,925,1721,,,,615532,3865,109913,500273,5346,,,,,,,,0.0
2021-12-29,221847,1915,48238,171880,925,1729,,,,620938,5409,110086,505470,5382,,,,,,,,0.0
2021-12-30,223567,1722,47918,173898,925,1751,,,,625967,5037,110555,509957,5455,,,,,,,,0.0
2021-12-31,225235,1670,47895,175554,925,1786,,,,630838,4875,111297,513978,5563,,,,,,,,0.0
2022-01-01,226698,1464,47537,177348,925,1813,,,,635253,4416,111908,517720,5625,,,,,,,,0.0
2022-01-02,227879,1183,47559,178481,925,1839,,,,639083,3833,112427,520962,5694,,,,,,,,0.0
2022-01-03,228867,993,48539,178481,925,1847,,,,642207,3129,115515,520962,5730,,,,,,,,0.0
2022-01-04,229801,938,47231,180705,925,1865,,,,645226,3024,102402,537043,5781,,,,,,,,0.0
2022-01-05,231213,1412,45905,183420,925,1888,,,,649669,4444,101837,541994,5838,,,,,,,,0.0
2022-01-06,232419,1208,45603,184918,925,1898,,,,653792,4126,102441,545464,5887,,,,,,,,0.0
2022-01-07,233457,1038,44353,187191,925,1913,,,,657508,3717,102088,549488,5932,,,,,,,,0.0
2022-01-08,234449,994,44443,188072,925,1934,,,,661015,3510,105541,549488,5986,,,,,,,,0.0
2022-01-09,235415,966,44060,189400,925,1955,,,,664391,3376,94034,564320,6037,,,,,,,,0.0
2022-01-10,236192,781,44160,190067,925,1965,,,,667390,3007,94811,566508,6071,,,,,,,,0.0
2022-01-11,236946,755,43651,191317,925,1978,,,,670483,3097,94609,569760,6114,,,,,,,,0.0
2022-01-12,238039,1093,44726,191317,925,1996,,,,674868,4388,97283,571419,6166,,,,,,,,0.0
2022-01-13,239014,978,42659,194346,925,2009,,,,679030,4167,97057,575763,6210,,,,,,,,0.0
2022-01-14,239950,939,43579,194347,925,2024,,,,683566,4542,100389,576918,6259,,,,,,,,0.0
2022-01-15,240862,912,42090,196739,925,2033,,,,687984,4423,101039,580664,6281,,,,,,,,0.0
2022-01-16,241784,925,42215,197525,925,2044,,,,692174,4194,103197,582667,6310,,,,,,,,0.0
2022-01-17,242574,790,42525,197998,925,2051,,,,696032,3859,105162,584537,6333,,,,,,,,0.0
2022-01-18,243337,763,43126,198148,925,2063,,,,700102,4072,108051,585673,6378,,,,,,,,0.0
2022-01-19,244565,1231,42720,199738,925,2107,,,,705902,5805,110919,588531,6452,,,,,,,,0.0
2022-01-20,245925,1362,43979,199829,925,2117,,,,712503,6603,116255,589768,6480,,,,,,,,0.0
2022-01-21,247475,1552,42895,202458,925,2122,,,,719269,6769,118745,594023,6501,,,,,,,,0.0
2022-01-22,249065,1591,44370,202560,925,2135,,,,726274,7009,124100,595645,6529,,,,,,,,0.0
2022-01-23,250758,1694,43148,205470,925,2140,,,,733902,7630,131717,595645,6540,,,,,,,,0.0
2022-01-24,252437,1679,44292,205997,925,2148,,,,741413,7513,132725,602123,6565,,,,,,,,0.0
2022-01-25,254160,1724,45079,206926,925,2155,,,,749979,8571,139125,604266,6588,,,,,,,,0.0
2022-01-26,257330,3178,46810,208356,1430,2164,,,,762983,13012,149084,607279,6620,,,,,,,,0.0
2022-01-27,260757,3429,48974,209615,1259,2168,,,,777497,14518,160103,610740,6654,,,,,,,,0.0
2022-01-28,264748,3991,51397,211182,1567,2169,,,,793582,16096,172192,614712,6678,,,,,,,,0.0
2022-01-29,268947,4199,54179,212591,1409,2177,,,,811122,17542,185849,618561,6712,,,,,,,,0.0
2022-01-30,273132,4185,57562,213391,800,2179,,,,828637,17532,199933,621972,6732,,,,,,,,0.0
2022-01-31,277325,4193,61226,213919,528,2180,,,,845709,17085,214196,624758,6755,,,,,,,,0.0
2022-02-01,281456,4131,64229,215045,528,2182,,,,864042,18343,227783,629487,6772,,,,,,,,0.0
